Franco Miseria	1983	6
Richard Lee	1983	5
Maurice Béjart	1983	5
Ko Murobushi	1983	5
Ugo Dell' Ara	1983	4
Louis Falco	1983	4
John Neumeier	1983	4
Vera Colombo	1983	3
Orazio Messina	1983	3
Milorad Miskovitch	1983	3
John Butler	1983	3
Dennis Wayne	1983	3
Buddy Schwab	1983	3
August Bournonvllle	1983	3
Antonio Gades	1983	3
Amedeo Amodio	1983	3
William Forsythe	1983	2
Vittorio Biagi	1983	2
Van Hoecke	1983	2
Sergio Japinox	1983	2
Roland Petit	1983	2
Roberto Trincherò	1983	2
Peter Wyss	1983	2
Memo Remigi	1983	2
John Neumeyer	1983	2
Filippo Crivelli	1983	2
Davide Bombana	1983	2
Boris Eif	1983	2
Arnie Zane	1983	2
lasciai II coreografo	1983	1
Viktor Rona	1983	1
Viktor Rana	1983	1
Twila Tharp	1983	1
Salvatore Vigano	1983	1
Pippo Carbone	1983	1
Pertti Vlrtanen	1983	1
Ottavia Piccolo	1983	1
Nino Mastello	1983	1
Michail Fokine	1983	1
Merce Cunningham	1983	1
Marlel Hemingway	1983	1
Marius Petipa	1983	1
Mario Pistoni	1983	1
Luigi Rossi	1983	1
Loris Gai	1983	1
Lee Theodore	1983	1
Lee Becher	1983	1
Lar Lubovttch	1983	1
Ko Murobushl	1983	1
Jozo Borcic	1983	1
Jorma Uotlnen	1983	1
Jorma Uotinen	1983	1
Jorma Uo	1983	1
Jiri Kylian	1983	1
Jerzy Woycik	1983	1
Jerome Robbins	1983	1
Jer?y Woycik	1983	1
J. Fontano	1983	1
Ileather Parisi	1983	1
Gustav Gerhard Coreografo	1983	1
Gianni ZarlaMilano	1983	1
Gianni Brezza	1983	1
George Balanchine	1983	1
Geoffrey Cauley MILANO	1983	1
Franco Criscl	1983	1
Evgheni Polyukov	1983	1
Eric Barsness	1983	1
Dupond Nureyev	1983	1
Donald Saddler	1983	1
David Haughton	1983	1
Boris Trailine	1983	1
August Bournonville	1983	1
Attillo Cocco	1983	1
Anton Polin PARIGI	1983	1
Anton Polin Allievo	1983	1
Anton Dolin	1983	1
Alwln Nikolais	1983	1
Alvin Alle y	1983	1
Alvin Ailey	1983	1
Alfred Rodriguèz	1983	1
Alfred Rodrigucs	1983	1
Alberto Testa	1983	1
Ugo Dell' Ara	1957	1
Tagliatore Vigano	1957	1
Sherazade »	1957	1
Salvatore Vigano	1957	1
Paolo Taglioni	1957	1
Michel Fokine	1957	1
Michel Coquin	1957	1
Lumavig »	1957	1
John Taras	1957	1
John Butler	1957	1
Gustav Gerhard	1957	1
Donald Saddler	1957	1
Anton Dolin	1957	1
Alvino Misciano	1957	1
Orazio Caiti	1998	8
Luciano Cannito	1998	6
Manuel Frattini	1998	5
Mark Morris	1998	4
Jerome Robbins	1998	4
Gianin Loringett	1998	4
Bob Singleton	1998	4
Vittorio Biagi	1998	3
Peter Schaufuss	1998	3
Lekisy Bolkiv	1998	3
Joseph Lazzini	1998	3
Atanelov Tamas	1998	3
William Forsythe Mauro Bigonzetti	1998	2
Virgilio Pitzalis	1998	2
Micha Van Hoecke	1998	2
Karole Armitage	1998	2
Joseph Nadj	1998	2
Franco Travaglio	1998	2
Angelin Preljocaj	1998	2
Alain Platel	1998	2
William Forsyte	1998	1
Vladimir Derevianko	1998	1
Viviana Vaccaro	1998	1
Virgilio Sieni	1998	1
Tiziana Ferro	1998	1
Sergio Trombetta	1998	1
Roland Petit	1998	1
Roberto Zappalà	1998	1
Roberto Zappala	1998	1
Roberto Bovino	1998	1
Rita Pavone	1998	1
Rennie Harrys	1998	1
Pier Paolo Koss	1998	1
Paolo Alfiero	1998	1
Olivier Award	1998	1
Maurizio Guasco	1998	1
Matthew Bourne	1998	1
Mario Piazza	1998	1
Luciano Carnuto	1998	1
Lindsay Kemp	1998	1
Leonid Lavrovsky	1998	1
Jiri Kylian	1998	1
Hervè Diasnas	1998	1
Hans van Manen	1998	1
Giovanni Di Cicco	1998	1
Gino Landi	1998	1
Gianni Beruschi	1998	1
Gheorghe Iancu	1998	1
Enzo Cosimi	1998	1
Doug Elkins	1998	1
Denis Ganio	1998	1
Denis Canio	1998	1
Daniele Scremin	1998	1
Carlo Febee	1998	1
Balletti di Montecarlo	1998	1
August Bournonville	1998	1
André Prokovsky	1998	1
Andrea Longhi	1998	1
Franco Estill	1970	2
e. b.	1970	1
Serge Ltfar	1970	1
Samuel Goldwyn	1970	1
Juri Gregorovic	1970	1
Juan Corelli	1970	1
Jerome Robbins	1970	1
Gino Laudi	1970	1
Gino Landi	1970	1
Franco Estlll	1970	1
Enrique Martinez	1970	1
Enrico Sportiello	1970	1
Else Fischer	1970	1
Eddie James	1970	1
Don Lurio	1970	1
Brian Me Donald	1970	1
Benjamin Harkaroy	1970	1
Aurei Millos	1970	1
Peter Rille	1979	2
William Forsythe	1979	1
Serge Lifar	1979	1
Roland Petit	1979	1
Phil Sifferman	1979	1
Oscar Arai/	1979	1
Oleg Vinovgrad	1979	1
Milorad Miskovitch	1979	1
Maurice Béjart	1979	1
Louis Falco	1979	1
Loris Gai	1979	1
Loria Gai	1979	1
Leonid Jacobson	1979	1
John Cranko	1979	1
John Butler	1979	1
Jeoffrey Cauley	1979	1
Giuseppe Cantello	1979	1
Gino Laudi	1979	1
Gino Landi	1979	1
Francois Ouilbard	1979	1
Franco Miseria	1979	1
Don Lullo	1979	1
Busby Berkeley	1979	1
Broadway Busby Berkeley	1979	1
Aurelio M. Milloss	1979	1
August Bournonville	1979	1
Andy de Groat	1979	1
André Levasseur	1979	1
André Bretory lobert Rauschenberg	1979	1
Alberto Testa	1979	1
Ugo Dell' Ara	1963	3
George Reich	1963	2
Wolf Ferrari	1963	1
Waslaw Orlikowski	1963	1
Walter Marconi	1963	1
Ugo Dall' Ara	1963	1
Susanna Egri	1963	1
Sergio Somigli	1963	1
Serge Diaghilev	1963	1
Sara Acquarono	1963	1
Russ Tamblyn	1963	1
Roland Petit	1963	1
Leonide Massine	1963	1
Jerome Robblns	1963	1
Jacques Chazot	1963	1
Igor Moisseiev	1963	1
Igo Moisseiev	1963	1
Franco Molinari Fradelll	1963	1
Aage Larsen	1963	1
Glen Tetley	1976	3
Vittorio Biagi	1976	2
Michel Kidd	1976	2
Guido Lau	1976	2
Busby Berkeley	1976	2
San Carlo	1976	1
Milorad Miskovic	1976	1
Milorad Miscovitch	1976	1
Marius Petlpa	1976	1
Marga Nativo	1976	1
Heide Mondon	1976	1
Guido Lauri	1976	1
Giancarlo Vantaggio	1976	1
Geoffrey Cauley	1976	1
Felix Blaska	1976	1
Christopher Keene	1976	1
Bttsby Berkeley	1976	1
Andrew De Groat	1976	1
Alfio Contini	1976	1
Paul Taylor	1961	4
Jerome Robbins	1961	3
Don Lurio	1961	3
San Carlo	1961	2
Paul Steffen	1961	2
Ugo Dell' Ara	1961	1
Susanna Egri	1961	1
Stefano Vigano	1961	1
Raymond Larraln	1961	1
Michel Benois	1961	1
Gustav Gerhard	1961	1
Giorgio Roger	1961	1
Gino Lnndri	1961	1
Gillian Keech	1961	1
Don Lurlo	1961	1
Light di Béjart	1982	7
Van Hoecke	1982	4
Roberto Fascilla	1982	4
Arpat Kovacs	1982	4
Ugo Dell' Ara	1982	3
Mariangela Melato	1982	3
Felix Blask	1982	3
Walter Venditti	1982	2
Tonino Del Colle	1982	2
Sergio Japino	1982	2
Serge Lifar	1982	2
Richard Alston	1982	2
Micha van Hoecke	1982	2
Loris Gai	1982	2
Kenneth Macmillan	1982	2
Jurij Nikolaevic Grigorovic	1982	2
Guido Lauri	1982	2
Grigorovic «	1982	2
Gray Veredon	1982	2
Franco Miseria	1982	2
Felix Blaska	1982	2
Domy Reiter Soffer	1982	2
Dennis Wayne	1982	2
Busby Berkeley	1982	2
Vladimir Vassillev	1982	1
Vladimir Vassiliev	1982	1
Vittorio Biagl	1982	1
Vittorio Biagi	1982	1
Vati Hoecke	1982	1
Singapore Choo San Goh	1982	1
Singapore Choo San Coh	1982	1
Rosa malata	1982	1
Roland Petit	1982	1
Roberto Fa¬	1982	1
Roberto Fascilìa	1982	1
Robert North	1982	1
Nellie Happee	1982	1
Mino Reitano	1982	1
Michael Bennett	1982	1
Luis Falco	1982	1
Louis Falco	1982	1
Lorca Masslne	1982	1
Kenneth McMillan	1982	1
Kenneth MacMillan	1982	1
Jurij Nìkolaevìc Grigorovic	1982	1
JuriJ Nikolaevic Grigorovic	1982	1
Jorman Votinen	1982	1
Joe Layton	1982	1
Jerome Robbins	1982	1
Jass happening	1982	1
Humberto Gonzales	1982	1
Heinz Spoerli	1982	1
Harrlson Muller	1982	1
Grigorovic Il Bolscioi	1982	1
Gian Mesturino	1982	1
Gene Kelly	1982	1
Fred Marteny	1982	1
Francois Gullbard	1982	1
Franco Esuli	1982	1
Choo San Gph	1982	1
Choc San Goh	1982	1
Carolyn Carlson	1982	1
Carlos Palacios	1982	1
Carlo Farabone di Bologna	1982	1
Carlo Fara	1982	1
Burby Berkeley	1982	1
Brontolava Nijinska	1982	1
Brigitta Trommler	1982	1
Beppe Menegattl	1982	1
Bejart Il valzer dell	1982	1
Arpat Kovacs pos	1982	1
Alfredo Ramò	1982	1
Alfred Rodrlgues	1982	1
Alfred Rodriguei	1982	1
Joaquin Cortes	2001	9
Mauro Astolfi	2001	7
Giorgio Albertazzi	2001	6
Matteo Levaggi	2001	5
Serge Manguette	2001	3
Paolo Mohovich	2001	3
Serge Menguette	2001	2
Mihaia Ciortea	2001	2
Mihai Ciortea	2001	2
Luca Tommasini	2001	2
Jiri Kylian	2001	2
Giorgio Rossi	2001	2
Vittorio Biagi	2001	1
Virgilio Sieni	2001	1
Ugo Deh ' Ara	2001	1
Susanna Egri	2001	1
Robert Hylton	2001	1
Paul Taylor	2001	1
Paolo Conticini	2001	1
Mikhail Lavrosky	2001	1
Maurice Bejart	2001	1
Matthew Bourne	2001	1
Matteo Le	2001	1
Massimo Moricone	2001	1
Massimo Moncone	2001	1
Massimo Filippi	2001	1
Manuel Frattini	2001	1
Koffi Koko	2001	1
Jurij Grigorovich	2001	1
Jurij Grigorovic Sopra	2001	1
Giovanni Mancuso	2001	1
Gilles Jobin	2001	1
Gianni Cugge	2001	1
Filippo Crivelli	2001	1
Enzo PezzeUa	2001	1
Dick Marno	2001	1
David Parson	2001	1
Bruno Cavallo	2001	1
Benji Reid	2001	1
Anibai Pannunzio	2001	1
André De la Roche Opere	2001	1
Alain Platel	2001	1
Larrio Ekson	1992	8
Siri Sat Nan	1992	6
Roland Petit	1992	6
Luciano Cannito	1992	6
Adriana Cava	1992	6
Amedeo Amodio	1992	4
Stanton Welch	1992	3
Russillo Danza	1992	3
Giorgio Bussi	1992	3
Frederick Ashton	1992	3
Bill T. Jones	1992	3
Angelin Preljocaj	1992	3
André Levasseur	1992	3
Maurice Béjart	1992	2
Mark Morris	1992	2
Alberto Mendez	1992	2
e. b.	1992	1
Youri Vamos	1992	1
Vittorio Biagi	1992	1
Verges rac	1992	1
Ushio Amagatsu	1992	1
Stefano Forti	1992	1
Sir Kenneth MacMillan	1992	1
Sir Frederick Ashton	1992	1
Sergio La	1992	1
Santiago Alfonso	1992	1
Roberto lovino	1992	1
Roberto Fasci Ha	1992	1
Roberto Castello	1992	1
Renato Greco	1992	1
Rafael Aguilar	1992	1
Pierre Lacotte	1992	1
Morto Pistoni	1992	1
Michael Jackson	1992	1
Micha van Hoecke	1992	1
Mats Ek	1992	1
Massimo Moncone	1992	1
Marius Petipa	1992	1
Mario Pistoni	1992	1
Maddalena Crippa	1992	1
Luis Carlos Nino	1992	1
Luigi Rossi I	1992	1
Luigi Rossi	1992	1
Lue Bouy	1992	1
Loris Gai	1992	1
Lorella Brando	1992	1
Lloyd Newson	1992	1
Leonide Mavsme	1992	1
Laszlo Seregi	1992	1
Kenny Ortega	1992	1
Kenneth MacMillan	1992	1
Keith Carradine	1992	1
Juri Grigorovich	1992	1
John Neumeier	1992	1
John Butler	1992	1
Jerome Robbins	1992	1
Jean Paul Troili	1992	1
Jean Marc Boitiere	1992	1
Jean Coralli	1992	1
Grigorovich Riproposta	1992	1
Gary Palmer	1992	1
Franco Miseria	1992	1
Fabrizio Monteverde	1992	1
David Parson	1992	1
Clark Tippet	1992	1
Carlo Galante	1992	1
Carlo Felice	1992	1
Carla Fracci	1992	1
Bill T	1992	1
Austin Hartel	1992	1
Aurei Milloss	1992	1
Andrej Petrov	1992	1
Marius Petipa	1954	1
Margherita Wallmann	1954	1
Mario Pistoni	1967	2
Loris Gay	1967	2
Jonathan Karmon	1967	2
Don Lurio	1967	2
Ambrogio Malerba	1967	2
Wilma d' Eusebio	1967	1
Valerio Brocca	1967	1
Ugo Dell' Ara	1967	1
Rudolf Nureyev	1967	1
Roland Petit	1967	1
Rocky Roberta	1967	1
Rita Pavone	1967	1
Paul Steffenl	1967	1
Michel Descombey	1967	1
Maurice Béjart	1967	1
Maurice Bejart	1967	1
Marius Constant	1967	1
Loredana Fumo	1967	1
Lester Wilson	1967	1
Lcster Wilson	1967	1
Josif Tumànov	1967	1
Jonhatan Karmon	1967	1
John Cranko	1967	1
Jerome Robbins	1967	1
Jean Cébron	1967	1
Giulio Coltellacci	1967	1
Gino Landi	1967	1
Gianni Perugini	1967	1
Franco Estill	1967	1
Erika Hanka	1967	1
Eddie Gasper	1967	1
Aleksander Lapauri	1967	1
Daniele Scremin	2002	7
Alfonso Santiago	2002	5
Noemi Briganti	2002	4
Franco Miseria	2002	4
Alex Atzewi	2002	4
Sinisa Bukinac Prunikova	2002	2
Paolo Mohovich	2002	2
Mihai Ciortea	2002	2
Matteo Levaggi	2002	2
Ingrid Radman	2002	2
Hervé Diasnas	2002	2
Fabrizio Monteverde	2002	2
August Bournonville	2002	2
Adolfo Marazita	2002	2
van Manen	2002	1
Susanna Egri	2002	1
Stjin Celis	2002	1
Sinisa Bukinac Frunikova	2002	1
Sergio Javier	2002	1
Ron Howell	2002	1
Peter Martins	2002	1
Pallet Rotterdam Dance Company	2002	1
Maurizio Guasco	2002	1
Matteo Levaggij	2002	1
Massimo Leanti	2002	1
Martin Bartelt	2002	1
Marcello Algeri	2002	1
Luca Tommasin	2002	1
Kenneth MacMillan	2002	1
John Neumeier	2002	1
George Balanchine	2002	1
David Winters	2002	1
David Parsons	2002	1
David Parker	2002	1
Antonio Canales	2002	1
Angelin Preljocaj	2002	1
Amendeo Amodio	2002	1
Adolfo Màrazita	2002	1
Don Lurio	1962	3
Susanna Egri	1962	2
Roland Petit	1962	2
Valerio Brocca	1962	1
Noèl Sheldon	1962	1
Noel Sheldon	1962	1
Luciano Beretta	1962	1
Leonid Mihailovic Lavroski	1962	1
Lenny Dole	1962	1
Jerome Robbins	1962	1
Igor Moisseiev	1962	1
Igor Moisse-	1962	1
Hermes Pann	1962	1
Giulio Coltellacci	1962	1
Gisa Geert	1962	1
Gina Geert	1962	1
George Balanchine	1962	1
Fred Aatalre	1962	1
Francesco Molinari Pradelli	1962	1
Arthur Saint	1962	1
Valerio Brocca	1960	1
Ugo Dall' Ara	1960	1
Serge Ltfar	1960	1
Roland Petit	1960	1
Paul Steffeiij	1960	1
Paolo Gozlino	1960	1
Marius Petipa	1960	1
Leonide Mossine	1960	1
John Cranko	1960	1
John Cage	1960	1
Jia Ruskaja	1960	1
Jean Pierre Gvnet	1960	1
Jean Pierre Genet	1960	1
Jack Cole	1960	1
Gisa Geert	1960	1
George Carden	1960	1
Aurelio Millos	1960	1
Raphael Bianco	2005	3
Doug Jack	2005	3
Enzo Cosimi	2005	2
Aldo Torta	2005	2
Wim Vandekeybus	2005	1
Virgilio Sieni	2005	1
Pietro Pirelli	2005	1
Mauro Bigonzetti	2005	1
Maurizio Frisone	2005	1
Matteo Levaggi	2005	1
Marinel Stefanescu	2005	1
Luciano Cannito	2005	1
Jerome Robbins	2005	1
Jacopo Godani	2005	1
Ismael Ivo	2005	1
Giorgio Rossi	2005	1
Giorgio Finello	2005	1
Gianni Lo Negro	2005	1
Gasparo Angiolini	2005	1
Ema Omarsdottir	2005	1
Bryn Walters	2005	1
Arnoldo Foà	2005	1
Vittorio Biagi	1978	2
Renato Greco	1978	2
Ugo Dall' Ara coreografo	1978	1
Tito Leduc	1978	1
Severino Qazzelloni	1978	1
Roberto Fascilla	1978	1
Roberto FaScilla	1978	1
Nicolas Beriozoff	1978	1
Nicolas Beriezoff	1978	1
Muriel JaerJ	1978	1
Michael Van Hoeck « Souvenir de Florence »	1978	1
Marino Casari	1978	1
Luisa Gay	1978	1
Ken Adam	1978	1
John Neumeier	1978	1
John Cranko	1978	1
Jiri Kylian	1978	1
Jean Dudan	1978	1
Igal Perry	1978	1
Gino Landi	1978	1
Carmelo Anastasi	1978	1
Busby Berkeley	1978	1
Bnmko Markovic	1978	1
Anna Sogna	1978	1
Amedeo Amodio	1978	1
Maurice Béjart	1984	8
Joe Tremarne	1984	6
Dennls Wayne	1984	5
Igor Strawinsky	1984	4
Bob Bowyer	1984	4
Tom ChilUng	1984	3
Tenghls Sukhlshvlll	1984	3
Roland Petit	1984	3
Lester Wilson	1984	3
Japlno »	1984	3
Enzo Bearzot	1984	3
Dennis Wayne	1984	3
Bob Boioyer	1984	3
Tony Thatcher	1984	2
Peter Goss	1984	2
Milena Canonero	1984	2
Japino »	1984	2
Henry Letang	1984	2
Giuseppe Carbone	1984	2
Enzo Paolo Turchi	1984	2
Carmen Russo	1984	2
Bob Curtis	1984	2
Alberto Testa	1984	2
William Forsythe	1984	1
Vladimir Bourmeister	1984	1
Roberto Fascina	1984	1
Raffaella Carrà	1984	1
Peter Schaufuss	1984	1
Peter Ciow	1984	1
Paolo Turchi	1984	1
Min Tanaka	1984	1
Mario Angelo Ponchla	1984	1
Luigi Rossi	1984	1
Luigi Bonino	1984	1
Lorenzo Mariani	1984	1
Leonella Bentivoglio	1984	1
Lcster Wilson	1984	1
Juan Carlo Copet	1984	1
Jeffrey Lucas	1984	1
Jean Claude Gallotta	1984	1
Itelga Micha Van Hoecke	1984	1
Inglese Chrlstofer Bruco	1984	1
Heinz Spoerli	1984	1
Heather Parisi	1984	1
Gino Laudi	1984	1
Gianni Versace	1984	1
Gianni Notarl	1984	1
Gianni Brezza	1984	1
Gian Franco Calorlo	1984	1
George Balanchine	1984	1
Franco Miseria	1984	1
Ezio Raimondi	1984	1
Eugenio Cugltelminetti	1984	1
Donald McKayle	1984	1
Don Maraslgnan	1984	1
Don Lurto	1984	1
Claude Gailotta	1984	1
Charles Walters	1984	1
Carlo Leva	1984	1
Carla Perotti	1984	1
Bob Fosse	1984	1
Aurelio Millosa	1984	1
Auguste Bournonville	1984	1
Antonello Falqui	1984	1
Antoine Bournonville	1984	1
Anne Teresa De Keersmaeker	1984	1
Anna Razzi	1984	1
Anna 8agna	1984	1
Andrew de Groat	1984	1
Alfred Rodrigues	1984	1
Alan Johnson	1984	1
Agnes de Mille	1984	1
Stanley Donen	1964	2
Paul Steffen	1964	2
Maurice Béjart	1964	2
Leonida Massine	1964	2
Carlo Faraboni	1964	2
Victor Siss	1964	1
Susanna iCgri	1964	1
Rudolf Nureyev	1964	1
Pani Steffen	1964	1
Maurice Bejart	1964	1
Maurice BCjart	1964	1
Lilian Terry	1964	1
Kurt Jooss	1964	1
Jirmy Moore	1964	1
Jerome Robbins	1964	1
Igor Moisseiev	1964	1
Gustav Gerhard	1964	1
Gino Laudi	1964	1
Gino Landi	1964	1
Frederich Ashom «	1964	1
Faul Steseti	1964	1
Carlo Maestrini	1964	1
Bogdan Covacev	1964	1
Giuseppe Carbone	1994	7
Philippe Decouflé	1994	6
Amedeo Amodio	1994	4
Kenneth MacMillan	1994	3
Jerome Robbins	1994	3
Roland Petit	1994	2
Igor Moiseev	1994	2
Gino Labate	1994	2
Don Lurio	1994	2
Vladimir Vasiliev	1994	1
Vittorio Biagi	1994	1
Virgilio Sieni	1994	1
Usa Caro	1994	1
Tullio Rigano	1994	1
Trittico d' amore	1994	1
Severo Duporto	1994	1
Sergio Trombetta	1994	1
Riccardo Della Godenza « Moulin Rouge »	1994	1
Raffaele Paganini	1994	1
Piero Rossi	1994	1
Pier Paolo Koss	1994	1
Pedro Kara	1994	1
Pancho Garrison	1994	1
Paco Decina	1994	1
Matt Mattox	1994	1
Massimo Mori- cone	1994	1
Massimo Moncone	1994	1
Luca Vegetti	1994	1
Leonide Massine	1994	1
Leonid Massine	1994	1
Kenny Ortega	1994	1
Kenneth Kvamtrom	1994	1
Jurij Grigorovich	1994	1
Joseph Tmim	1994	1
Joseph Russillo	1994	1
Joachim Schlòmer	1994	1
Jlrl Kylian	1994	1
Jiri Kylian	1994	1
Jiri Kilian	1994	1
Jiri Eylian	1994	1
Jean Marc Boitiere	1994	1
Igor Moisseiev	1994	1
Hans van Manen	1994	1
Graziella Salituri	1994	1
Grazia Galante	1994	1
Glen Tetley	1994	1
Gino Landi	1994	1
George Balanchine	1994	1
Gary Lloyd Palmer	1994	1
Frederick Ashton	1994	1
Franco Miseria	1994	1
Fabrizio Angelini	1994	1
Fabio Gallo	1994	1
Esteban Greco	1994	1
Enzo Paolo Turchi	1994	1
Enzo Cosimi	1994	1
Ena Naranjo	1994	1
Ely Decarvalho	1994	1
David Keener	1994	1
Darshan Bhuller	1994	1
Catulli Carmina »	1994	1
Brygida Ochaim	1994	1
Bill T.Jones	1994	1
Bill T. Jones Danzo	1994	1
Bill T. Jones Biennale di Lione	1994	1
Beppe Menegatti	1994	1
Arturo Muente	1994	1
Antonio Gades	1994	1
Angelin Preljocaj	1994	1
André De La Roche	1994	1
Andrea Longhi	1994	1
Bruno Fusco	1987	61
Siri Sat Nam	1987	8
Angelin Preljocj	1987	8
John Neumeier	1987	6
Uwe Scholz	1987	5
Bob Fosse	1987	5
Sebastiano Coppa	1987	4
Russell Russell	1987	4
Eugène Polyakov	1987	4
Bruno Fuoco	1987	4
Wayne Eagling	1987	3
Oscar Araiz	1987	3
Maurice Béjart	1987	3
Mark Morris	1987	3
John Butler	1987	3
Aurelio Milloss	1987	3
Alvln Ailey	1987	3
Tsutomu Ben Iida	1987	2
Serge Alzetta	1987	2
Roberto Fascina	1987	2
Pierre Beau champs	1987	2
Patrick King	1987	2
Nicolas Beriozoff	1987	2
Michael Collins	1987	2
Maro Akajl	1987	2
Mario Pistoni	1987	2
Marcello Stramacci	1987	2
M. Béjart	1987	2
Kevin Michael Moore	1987	2
John Cranko	1987	2
Jeffrey Hornaday	1987	2
Jack Cole	1987	2
Ivan Marko	1987	2
Hans van Manen	1987	2
Gino Landi	1987	2
Georges Appaix	1987	2
Enzo Paolo Turchi	1987	2
Don Lurio	1987	2
Dennis Wayne	1987	2
Claudio Grimaldi	1987	2
Christina Hoyos	1987	2
Bruno Futco	1987	2
B. Bartok	1987	2
Antony Tudor	1987	2
Angelin Preljocaj	1987	2
Amedeo Amodio	1987	2
Tudor NEW YORK	1987	1
Tom Schilllng	1987	1
Stanley Dòneri-	1987	1
Stanley Donen	1987	1
Sin Sat Nam	1987	1
Silvana Spina	1987	1
Sergio Japinò	1987	1
Rudolf Nurejev	1987	1
Rudolf Nureiev	1987	1
Roland Petit	1987	1
Rodolfo Diaz	1987	1
Richard Caceres	1987	1
Rafael Agullar	1987	1
Prìncipe felice di Mannino	1987	1
Pierre Lacotte	1987	1
Olito Landi	1987	1
Nureyev coreografo	1987	1
Nikolois Pance	1987	1
Niculae Radulescu	1987	1
Miroslav Kura	1987	1
Michael McKim	1987	1
Michael Bennett	1987	1
Maurice Belarle	1987	1
Luigi Rossi Paolo Bortoluzzl	1987	1
Luc Leguay	1987	1
Leonide Massine	1987	1
Laurie Booth	1987	1
Lamie Booth	1987	1
Kurt Jpss	1987	1
Kurt Joss	1987	1
Kim Bandstrup	1987	1
Kay La	1987	1
Kavln Ha gen	1987	1
Kavin Hagen	1987	1
Joseph Fontano	1987	1
John ~ Neumeier	1987	1
Joel Galletti	1987	1
Joan Crawford Interpretando	1987	1
Jerome Robbins	1987	1
Jean Lue Leguay	1987	1
Ilo coreografo	1987	1
Heinz Spoerli	1987	1
Giuseppe Urbani	1987	1
Giuseppe Carbone Domani	1987	1
Gino Laudi	1987	1
Gino Land !	1987	1
Gerhard Bohner	1987	1
George Bianchine	1987	1
George Balanchlne	1987	1
George Balanchine ' Clalkovskl pas de deux »	1987	1
George Ab bott	1987	1
Gasparo Angiolini	1987	1
Fritz Cohen	1987	1
Frederich Ashton	1987	1
Frangois Verret	1987	1
Francois Rallino !	1987	1
Francese Jean	1987	1
Fabrizio Monteverde	1987	1
Fabio Galvano Mark Morris	1987	1
Duke Ellingtou	1987	1
Cristopher Bruce	1987	1
Charles Vodoz	1987	1
Carla Peroni	1987	1
Busby Berkeley	1987	1
Bruno Fueco	1987	1
Brjan Poer	1987	1
Boris Nikish	1987	1
Beppe Menegattl	1987	1
Aurelio M. Milloss	1987	1
Astor Piazzolla	1987	1
Arthur Saint - Leon	1987	1
Arthur Saint	1987	1
Anthony Tudor	1987	1
Alvin Ailey	1987	1
All' Eliseo	1987	1
Alexsandr Lemberg	1987	1
Roland Petit	1985	8
Pierre Lacotte	1985	6
Franco Miseria	1985	5
Brian Mac Donald	1985	5
Peter Goss	1985	4
Enzo Paolo Turchi	1985	4
Mats Ek	1985	3
David Baker	1985	3
Yoseph Russino	1985	2
Tony Lardge	1985	2
Mario Pistoni	1985	2
Mais Ek	1985	2
John Travolta	1985	2
Giuseppe Carbone	1985	2
﻿David Baker	1985	1
Wendy Rogers	1985	1
Vittorio Blagi	1985	1
Terence Mann	1985	1
Ted Shuffle	1985	1
Stan Hurwitz	1985	1
Siri Sat Nani nica Graham	1985	1
Siri Sat Nani	1985	1
Sergio Japlno	1985	1
Roberto FaScilla	1985	1
Richard Caceres	1985	1
Renato Reco	1985	1
Peter Ooss	1985	1
Peter Hammlll	1985	1
Murray Louis	1985	1
Minai Ciortea	1985	1
Mikall Foklne	1985	1
Mihai Ciortea	1985	1
Maurice Béjart Accolto	1985	1
Maurice Béjart	1985	1
Maurice Béjarl	1985	1
Luigi Manzottl	1985	1
Louis Mérante	1985	1
Jórge Lefebre	1985	1
Joseph Russino	1985	1
Joseph Russillo	1985	1
Joseph Mazlller	1985	1
Joseph Mazilier	1985	1
Jorge Lefèbre	1985	1
John Travolta Arriva	1985	1
John Cranko	1985	1
Johann Kresnlk »	1985	1
Johann Kresnik	1985	1
Jirl Kyllan	1985	1
Jerome Robbins	1985	1
Iliana Iliescu	1985	1
Igor Mois6eiev	1985	1
Henry Le Tang	1985	1
Heinz Spoerli	1985	1
Glen Tetley	1985	1
Gino Landi	1985	1
George Balanchlne	1985	1
Gasparo Anglolihi	1985	1
Frederick Ashton	1985	1
Enrico Sportiello	1985	1
Duilio Mogllasso	1985	1
Don Lurio	1985	1
Domy Reiter	1985	1
Domy Heiter	1985	1
Dlmltrl Brlantsev	1985	1
Dlmltri Brlantsev	1985	1
Daniela Grondona Ko Morobushi	1985	1
Bruno Bartoletti	1985	1
Brad Flanagan	1985	1
Azarl Plisetsky	1985	1
Anna Sogna	1985	1
Anna Mascolo	1985	1
André Lavasseur	1985	1
Amedeo Amodio	1985	1
Alfred Rodrlgues	1985	1
Alberto Ventura	1985	1
Gino Landi	1974	4
Maurice Béjart	1974	3
Antonello Falqui	1974	3
Dimitrije Parlic	1974	2
Vladimir Burmejster	1974	1
Nikolaj Bojarcikov	1974	1
Nicolai Boiarcikov	1974	1
Micha Von Hoecke	1974	1
Ivan Ivancan	1974	1
Henrikh Majorov	1974	1
Gyula Harangozo	1974	1
Giuseppe Carbone	1974	1
Gino Landl	1974	1
Gabriele Pellegrini	1974	1
Fernando Alonso	1974	1
David Borovskl	1974	1
Busby Berkeley	1974	1
Franco Miseria	1989	7
Hans van Manen	1989	6
Vittorio Biagi	1989	5
Micha van Hoecke	1989	5
Giuseppe Carbone	1989	5
Roland Petit	1989	4
Micha Van Hoecke	1989	4
William Forsythe	1989	3
Roberto Castello	1989	3
Robert North	1989	3
Jorge Lefebre	1989	3
Gino Landi	1989	3
Dennis Wayne	1989	3
Christopher Bruce	1989	3
van Hoecke	1989	2
Wayne Eagling	1989	2
Virgilio Sieni	1989	2
Santiago Sampere	1989	2
Pierre Rambert	1989	2
Paolo Bortoluzzi	1989	2
Nacho Duatona	1989	2
Misha Van Hoecke	1989	2
Mikhail Baryshnikov	1989	2
Massimo Moncone	1989	2
Mario Pistoni	1989	2
Luiz Carlos Nino	1989	2
Katherine Campbell	1989	2
Gianfranco Paoluzi	1989	2
Erich Walter	1989	2
Bob Fosse	1989	2
Billy Forsythe	1989	2
Alvin Ailey	1989	2
William Forsyttw	1989	1
Van Hoecke	1989	1
Toer van Schayk	1989	1
Sergio Trombetta II	1989	1
Sergej Diaghilev	1989	1
Salvatore Vigano	1989	1
Robert de Warren	1989	1
Raffaello Siniscalco	1989	1
Raffaella Danzatori	1989	1
Raffaele Paganini	1989	1
Patrick Bonté	1989	1
Parco Butterfly	1989	1
Paola Cantalupo	1989	1
Nina Ramishvili	1989	1
Michael Shawn	1989	1
Maurizio Guasco	1989	1
Maurice Belali	1989	1
Mats Ek	1989	1
Mark Morris	1989	1
Maria Carmensa Barrerà Aquila	1989	1
Maria Carmensa Barrerà Aguilar	1989	1
Luis Carlos Nino	1989	1
Luis Carlo Ninos	1989	1
Lucien Petipa	1989	1
Livio Mazzani	1989	1
Laurent Terzieff	1989	1
Laura Del Sol	1989	1
Lar Lubovich	1989	1
Kenny Ortega	1989	1
Kazuo Ohno	1989	1
Jurij Grigorovich	1989	1
Jurij Grigorovic	1989	1
José Granerò	1989	1
John Cranko	1989	1
Job Sanders	1989	1
Jiri Kilian	1989	1
Jerome Robbins	1989	1
Jean Pierre Marthal	1989	1
Jean Pierre Aviotte	1989	1
Jean Caudin	1989	1
Jacques de	1989	1
Jacques Fabre	1989	1
Hervé Diasnas	1989	1
Hans Camillo Vancol	1989	1
Giovanni Di Cicco	1989	1
Gino Land	1989	1
Gasparo Angiolini	1989	1
Frederic Franklin	1989	1
Flemming Flindt	1989	1
Flcmmlng Flmdt	1989	1
Filippo Crivelli	1989	1
Fabrizio Vionleverde Musiche	1989	1
Fabrizio Monteverde	1989	1
Fabio Gallo	1989	1
Emanuel Miller	1989	1
Dennis Wayne TARANTINO	1989	1
Denis Carey	1989	1
David Parsons	1989	1
Daniele Vineis	1989	1
Daniel Olbtvchs	1989	1
Claude Mourieras	1989	1
Circuit Training	1989	1
Christopher Bruco	1989	1
Charles Durning	1989	1
Bruno Telloli	1989	1
Bruno Te Iloti	1989	1
Bruno Malusa	1989	1
Boris Nikish Tonin	1989	1
Boris Eifrnan	1989	1
Beni Montresor	1989	1
Aureli Millos	1989	1
Arwm Ailey	1989	1
Antonello Venduti Tullio	1989	1
Anton Furst	1989	1
Anna Sagna	1989	1
Amedeo Amodio	1989	1
Alvm Ailey II	1989	1
Al vin Ailey	1989	1
Matteo Levaggi	2003	3
Moses Pendleton	2003	2
Marius Petipa	2003	2
Joseph Nadj	2003	2
Josef Nadj	2003	2
Frédéric Flamand	2003	2
Wim Vandekeybus	2003	1
William Forsythe	2003	1
Wayne McGregor «	2003	1
Usa Daniel Ezralow	2003	1
Sergio Japino	2003	1
Sasha Waltz	2003	1
Salvatore Vigano	2003	1
Roland Petit	2003	1
Robert North Pompea Santoro	2003	1
Piume Fontaine	2003	1
Pippo Baudo	2003	1
Paolo Mohovich	2003	1
Nasser Martin Gousset	2003	1
Nasser Martin	2003	1
Milloss coreografo	2003	1
Michael Riessler	2003	1
Micha van Hoecke	2003	1
Mauro Lizzi	2003	1
Matthew Boume	2003	1
Maria Cristina FontaneUe	2003	1
Luciano Cannito	2003	1
Luca Tommasini	2003	1
Lindsay Kemp	2003	1
Kenneth MacMillan	2003	1
Jury Grigorovich	2003	1
John Adams	2003	1
Jean Berlin	2003	1
Javier La Torre	2003	1
George Balanchine	2003	1
Franco Miseria	2003	1
Filippo Taglioni	2003	1
Fabrizio Maneini	2003	1
Don Lurio	2003	1
Derek Dean	2003	1
De Mello	2003	1
Daniela Paci	2003	1
Daniel Ezralow	2003	1
Claudio Ronda	2003	1
Cinzia Leoni	2003	1
Cesc Gelabert	2003	1
Bud Blumenthal	2003	1
Boris Eifinan	2003	1
Bob Fosse	2003	1
Blud Blumenthal	2003	1
Bill Goodson	2003	1
Aurelio Gatti	2003	1
Angelin Preljocaj	2003	1
Alvin Ayley	2003	1
Aleksej Ratmanskij	2003	1
Robert Lippock	2004	2
Michail Fokin	2004	2
George Balanchine	2004	2
William Forsythe	2004	1
Shen Wei	2004	1
Sasha Pepelyaev	2004	1
Raffaele Marinari	2004	1
Paolo Mohovich	2004	1
Paolo Mobovich	2004	1
Mourad Merzouki	2004	1
Matteo Levaggi	2004	1
Mark Morris	2004	1
Marius Petipa	2004	1
Jules Perrot	2004	1
John Blink	2004	1
Jean Christophe Maillot	2004	1
Jacopo Godani	2004	1
Ivan Manzoni	2004	1
Isa Landi	2004	1
Heinz Spoerli	2004	1
Fiodor Lopuchov	2004	1
Fabrizio Monteverde	2004	1
Erik Naslund	2004	1
Elisa Monte	2004	1
David Brown	2004	1
Daniele Baldi	2004	1
Aleksej Ratmanskij	2004	1
Wilberto Brandley	1965	1
Walter Marconi	1965	1
Valerio Brocca	1965	1
Tom Hansen	1965	1
Roberto Fascina	1965	1
Plora Tarrigiani	1965	1
Peter Brook	1965	1
Maurice Béjart	1965	1
Mario Pistoni	1965	1
Luigi Manzotti	1965	1
John Cranko	1965	1
John Butler	1965	1
Jerome Robbins	1965	1
Goffredo Parise	1965	1
Giulio Perugini	1965	1
Gino Laudi	1965	1
Gino Landi	1965	1
Gino Land !	1965	1
Gina Oeert	1965	1
Fred Astaire	1965	1
Edmonda Aldini	1965	1
Edmomla Aldini	1965	1
Dino Cavallo	1965	1
Currie Pederson	1965	1
Leonida Mossine	1952	1
Camillo Bos	1952	1
Roberto Castello	1991	6
Van Hoecke	1991	5
Franco Miseria	1991	5
Gene Franklin	1991	4
Loris Gai	1991	3
Gino Landi	1991	3
Fleming Flindt	1991	3
Angelin Preljocaj	1991	3
William Forsythe	1991	2
Teimuraz Mourvanidze	1991	2
Sergio Japino	1991	2
Robert North	1991	2
Peter Larsen	1991	2
Mauro Bigonzetti	1991	2
Maurice Béjart	1991	2
Mats Ek	1991	2
Mark Morris	1991	2
Jean Guelis	1991	2
Gianin Loringett	1991	2
Gianfranco Paoluzi	1991	2
Frederick Ashtort	1991	2
Franco Estil	1991	2
Fabrizio Monteverde	1991	2
Don Lurio	1991	2
André De La Roche	1991	2
﻿INTERVISTA II	1991	1
Zoltan Imre	1991	1
William Edward Saville	1991	1
Sylvie Guillem	1991	1
Stefanescu Vera	1991	1
Serge Abietta	1991	1
Saverio Ariemma	1991	1
Russo Adailton De Souza Barbosa	1991	1
Romualdo Marenco	1991	1
Roland Petit	1991	1
Roberto Fascilla	1991	1
Robert Desrosiers	1991	1
Robert Desrosiere	1991	1
Rivedremo Nureyev	1991	1
Richard Collins	1991	1
Raphael Bianco	1991	1
Raffaele Paganini	1991	1
Petipa ROMA	1991	1
Panajot Kanak	1991	1
Orazio Messina	1991	1
Nureyev licenzialo	1991	1
Monteverde « Salomè	1991	1
Mimmo Filloramo	1991	1
Michelle Johnston	1991	1
Michael Jackson	1991	1
Micha van Hoecke	1991	1
Micha Van Hoecke	1991	1
Massimo Morricone Triple	1991	1
Massimo Moncone	1991	1
Massimo De Novo	1991	1
Massimo De Nova Presenta	1991	1
Martha Graham	1991	1
Mario Marozzi	1991	1
Mario Marchiaro	1991	1
Mario Marchiare Ballerino	1991	1
Marco Brega	1991	1
Madonna A Finale	1991	1
Luciano Cannito	1991	1
Joji Hirota	1991	1
John Cranko	1991	1
Joe Gideon	1991	1
Jiri Kylian	1991	1
Jiri Kyhan	1991	1
Jean Pierre Aviotte	1991	1
Jean Georges Noverre	1991	1
Jacques Fabre	1991	1
Ivan Tenorio	1991	1
Hans van Manen	1991	1
Hans Van Manen	1991	1
Gower Champion	1991	1
Gilles Toucas	1991	1
Giacomo Molmari	1991	1
Gheorghe Iancu	1991	1
Georgj Alexidze	1991	1
Gaetaro Castelli	1991	1
G. Pratesi	1991	1
Donatella Centi	1991	1
Dominique Dupuy	1991	1
Daniel Tinazzi	1991	1
Claude Coldy	1991	1
Christopher Bruce	1991	1
Bob Fosse	1991	1
Bertrand d' At	1991	1
Bertrand D' At	1991	1
Antonio Della Monica	1991	1
Amedeo Amodio Luigi R	1991	1
Alwin Nikolais	1991	1
Alvin Ailey	1991	1
Alvaro Restrapo	1991	1
Franco Panizzut	1997	4
Robert North	1997	3
Paul Virski	1997	3
Maurice Béjart	1997	3
Franco Miseria	1997	3
Daniel Haribarrondo	1997	3
Anthony van Laast	1997	3
Silvano Barile	1997	2
Raffaele Paganini	1997	2
Osvaldo Roland	1997	2
Nino Raddi Farxaan	1997	2
Micha Van Hoecke	1997	2
Mauro Bigonzetti	1997	2
Maurice Bejart	1997	2
Lue Bouy	1997	2
Luciano Cannito	1997	2
Jerome Pelgone	1997	2
Carmen Russo	1997	2
Bernard Marsh	1997	2
Andrea Scaglione	1997	2
olo »	1997	1
Yoshi Oida	1997	1
William Forsythe	1997	1
Virgilio Sieni	1997	1
Stjin Celis	1997	1
Sir Kenneth Macmillan	1997	1
Silvio Oddi	1997	1
Sergio Trombetta Maurice Béjart	1997	1
Sergio Trombetta	1997	1
Serge Manguette	1997	1
Rudy van Dantzig	1997	1
Ron Howell	1997	1
Roland Petit	1997	1
Roberto De Simone	1997	1
Roberto Castello	1997	1
Piero Rossi	1997	1
Paul Chalmer	1997	1
Orazio Caiti	1997	1
Miquel Ferres I Domingo	1997	1
Millos coreografo	1997	1
Micha van Hoecke	1997	1
Maurice Bejart Luca Bruno	1997	1
Mark Morris	1997	1
Marius Petipa	1997	1
Marinel Stefanescu	1997	1
Marco Cantalupo	1997	1
Marco Bigonzetti	1997	1
Lucio Diego	1997	1
Luciano Gannito	1997	1
Lucia Castelli	1997	1
Loris Petrillo	1997	1
Loringett VARAZZE	1997	1
Linsday Kemp	1997	1
José Granerò	1997	1
John Cranko	1997	1
Jean Coralli	1997	1
Heinz Spoerli	1997	1
Heather Parisi	1997	1
Gino Landi	1997	1
Gino Labate	1997	1
Gianni Versace	1997	1
Garey Lloyd Palmer	1997	1
Gabriele Stillitano	1997	1
Festival Béjart	1997	1
Fabrizio Mainini	1997	1
Dino Campana	1997	1
Carla Fracci	1997	1
Bill T. Jones	1997	1
Baayork Lee	1997	1
Aurei Millos	1997	1
Antonio Della Monica	1997	1
Anthony Van Laast	1997	1
Andy Degroat	1997	1
Amedeo Amodio	1997	1
Alexander Minchenko	1997	1
Alberto Testa	1997	1
Flavio Bennati	1968	2
Spartaco di Kaciaturian	1968	1
Petre Bodeuts	1968	1
Nicolas BeriozofT	1968	1
Maurice Bejart	1968	1
Malcom Clare	1968	1
Jurij Grigorovic	1968	1
Gisa Geert	1968	1
Gino Laudi	1968	1
Gino Landi	1968	1
Donald Saddler	1968	1
Don Luììo	1968	1
Don Lurio	1968	1
Conrad Drzewiecki	1968	1
Carlo Boggio	1968	1
Ben Stevenson	1968	1
Aurei M. Milloss	1968	1
Maurice Béjart	1981	10
Franco Miseria	1981	5
Mario Pistoni	1981	4
Roberto Fascilla	1981	3
Pierre Lacotte	1981	3
Louis Falco	1981	3
Bob Fosse	1981	3
Attilio Labis	1981	3
Ronn Guidi	1981	2
Milorad Miskovitch	1981	2
Glen Tetley	1981	2
jugoslavo Dimitri Parile	1981	1
Yuri Grigorovic	1981	1
Steve Mustafà	1981	1
Sergio Iapirro	1981	1
Sebastiano Coppa	1981	1
Russell Russell	1981	1
Roberto Gandini	1981	1
Roberto FaScilla	1981	1
Ragtime Milos Forman	1981	1
Pierre Laeotte	1981	1
Piero Ciccoletti	1981	1
Pier Luigi Samaritani	1981	1
Oscar Vinogradov	1981	1
Oleg Vinogradov	1981	1
Nadia Comaneci	1981	1
Moses Pendleton	1981	1
Mischa Von Hocke	1981	1
Michel Labey	1981	1
Michel Folcine	1981	1
Marius Wolmar	1981	1
Marinel Stefanescu	1981	1
Loris Gai	1981	1
Lorenzo Girocchi	1981	1
Loredana Furno	1981	1
Leonia Jacobson	1981	1
José de Udaeta	1981	1
John Neumier	1981	1
Jerome Robbins	1981	1
II coreografo	1981	1
Herbert Ross	1981	1
Henry Carnè	1981	1
Gyula Harangozo	1981	1
Gino Landi	1981	1
Gigi Caciuleanu	1981	1
Gianni Brezza	1981	1
Geza Poszar	1981	1
Gerhard Gustav	1981	1
George Balanchine	1981	1
Gene Rowlands	1981	1
Enzo Paolo Turchi	1981	1
Edoardo Vigano	1981	1
Claudio Ferraro	1981	1
Claudio Ferraio	1981	1
Carla Perotti	1981	1
Auguste Bournon-	1981	1
August Bournonville	1981	1
Alfredo Rainò	1981	1
Alexander Benois	1981	1
Alessandro Mabara	1981	1
Adam Darius	1981	1
Franco Miseria	1988	4
Saverio Ariemma	1988	3
Fleming Flindt	1988	3
Amedeo Amodio	1988	3
Vittorio Biagi	1988	2
Vincenzo Avallone	1988	2
Saverio Arlemma	1988	2
Robert North	1988	2
Paolo Bortoluzzi	1988	2
Micha Van Hoecke	1988	2
Jacques Albe rea	1988	2
Charles Vodoz	1988	2
Aurelio Milloss	1988	2
William FOrsythe	1988	1
Van Manen	1988	1
Ugo Dell' Ara	1988	1
Susanna Egri	1988	1
Sergio Japino	1988	1
Saverio Arìemma	1988	1
Russel Russel	1988	1
Roland Petit	1988	1
Roberto Iovino Rudolf	1988	1
Robert Joffrey	1988	1
Robert 1 North	1988	1
Riccardo Della Godenza	1988	1
Renato Greco	1988	1
Raoul Truitto	1988	1
Perry Moore	1988	1
Natalia Makarova	1988	1
Michael Peters	1988	1
Michael Peter ó	1988	1
Michael Jackson Montand	1988	1
Michael Jackson	1988	1
Marzia Falcon	1988	1
Martha Graham	1988	1
Marcus Znollinger	1988	1
Marcus Znolliger	1988	1
Marco Brega	1988	1
Mano Piazza	1988	1
Luisa Casiraghi	1988	1
Luigi Manzoni	1988	1
Leonide Mossine	1988	1
Laura Corradi	1988	1
Joseph Russillo	1988	1
Josef Nad|	1988	1
Jlri Ky * lian Credo	1988	1
Jean Paul Plouvier	1988	1
Jean - Francois Duroure	1988	1
INTERVISTA II	1988	1
Howard Jeffrey	1988	1
Giuseppe Carbone	1988	1
Giorgio Rossi	1988	1
Giancarlo Bianco	1988	1
Genizaro del Nuovo Messico Trujllo	1988	1
Gasparo Angiolini	1988	1
Gabriele Di Lorenzo	1988	1
Fredrick Ashton !	1988	1
Frank Sinatra	1988	1
Federico Castro	1988	1
Emanuel A. Miller	1988	1
Domenico Vigano	1988	1
Dennis Wayne	1988	1
Claude Marassine	1988	1
Bemd Blenert	1988	1
Aurelio Mllloss	1988	1
Atha Hatzìioannoy	1988	1
Anthony Tudor	1988	1
Anna Razzi	1988	1
Andrew Sforar	1988	1
Alvin Ailey	1988	1
Alfonso Catà	1988	1
Alberto Mendez	1988	1
Renato Greco	1975	2
Roland Petit	1975	1
Paul Steflen	1975	1
Leonld Jakobson	1975	1
Leonid Jakobson	1975	1
Lennie Dole	1975	1
Leningrado Leonid Jakobson	1975	1
Kenneth Mac Millan	1975	1
Jurij Ljubimov	1975	1
Gino Landi	1975	1
Enric Maiorov	1975	1
Bruce Marks	1975	1
Bob Fosse	1975	1
Aurelio I	1975	1
Adam Darius	1975	1
Roland Petit	1966	4
Joseph Lazzini	1966	3
Maurice Chevalier	1966	2
Maurice Béjart	1966	2
Jack Carter	1966	2
Wltold Zapala	1966	1
Susanna Egri	1966	1
Salvatore Vigano	1966	1
S. Vigano	1966	1
Maurici Bijart	1966	1
Maurice Béjart Bruxelles	1966	1
Matilda Beauvoir	1966	1
Marius Petlpa	1966	1
Mario Pistoni	1966	1
M. Pistoni	1966	1
Luisillo Programmi	1966	1
Loredana Fumo	1966	1
John Akar	1966	1
Janine Charrat	1966	1
Franco Estui	1966	1
Enrico Sportiello	1966	1
Eddi Amsel	1966	1
Don Lurio	1966	1
Bruno Canfora	1966	1
Gino Landi	1996	8
Ugo Dell' Ara	1996	5
Roland Petit	1996	4
Matthew Bourne	1996	4
Franco Miseria	1996	4
Ronald Hynd	1996	3
Luciano Cannito	1996	3
Luca Veggetti	1996	3
Fernando Balestra	1996	3
Fabrizio Monteverde	1996	3
Antonio Gades	1996	3
Robert North	1996	2
Nino Ramishvili	1996	2
Dimitri Chabardine	1996	2
Angelin Preljcaj	1996	2
﻿41 Il giovane	1996	1
Yvann Alexandre	1996	1
Victor Ullate	1996	1
Vassiliev Vladimier	1996	1
Sergio Trombetta Philippe Découflé	1996	1
Sergei Djagilev	1996	1
Serge Manguette	1996	1
Roberto lovino	1996	1
Roberto Abrahao	1996	1
Richard Move	1996	1
Pierpaolo Koss	1996	1
Pier Paolo Koss	1996	1
Pier Luigi Pizzi	1996	1
Paolo Bortoluzzi	1996	1
Palle Granhoj	1996	1
Nino Ramishvib	1996	1
Nikolas Beriozoff	1996	1
Nache Duato	1996	1
Michail Fokin	1996	1
Maurice Béjart	1996	1
Marius Petipa	1996	1
Maria Paola Arbeia	1996	1
Luigi Rossi	1996	1
Lue Bouy	1996	1
Luciana Savignano	1996	1
Luca Tommassini	1996	1
Loris Petrillo	1996	1
Kim Seung Keun	1996	1
Kenneth MacMillan	1996	1
Kenneth Mac Millan	1996	1
Julio Lopez	1996	1
José Limon	1996	1
John Neumeier	1996	1
John Cranko	1996	1
Jerome Robbins	1996	1
Jean Vilar	1996	1
Jean Frangois Duroure	1996	1
Jean Coralli	1996	1
Jean Claude Gallotta	1996	1
Hervé Robbe	1996	1
Heinz Spoerli	1996	1
Guilherme Botelho	1996	1
Grande Béjart	1996	1
Gianni Santucci	1996	1
Gianim Loringuett	1996	1
Gianfranco de Lama	1996	1
Giancarlo Muselli	1996	1
Gheorghe Jancu	1996	1
Fabrizio Monte verde	1996	1
David Bingham	1996	1
Césc Gelabert	1996	1
Carlos Saura	1996	1
Beriozoff Morto	1996	1
Ben Stevenson	1996	1
Angelin Preljocaj	1996	1
Andy De Groat	1996	1
Andrò De La Roche	1996	1
André De La Roche	1996	1
Andrea Longhi	1996	1
Alejandro Aquino	1996	1
Alain Demarteau	1996	1
Serge Lifar	1973	2
Ivan Merkulov	1973	2
Ted Shuffle	1973	1
Miroslav Kurs	1973	1
Loris Gai	1973	1
Leonid Lavrovsky	1973	1
Jerome Robbins	1973	1
Giancarlo Bignardi	1973	1
George Balanchine	1973	1
Geoffrey Cauley	1973	1
Franco Estui	1973	1
Franco Estill	1973	1
Amedeo Amodio	1973	1
Alberto Peyretti	1973	1
Ramiro Guerra	1999	9
Paolo Mohovich	1999	8
Alwin Nikolais	1999	7
Aurei Milloss	1999	5
Markus Zmoelnig	1999	4
Luciano Cannito	1999	4
Giorgia Bartolini	1999	4
Andy Degroat	1999	4
Yuri Ukmar	1999	2
Simona Mangani	1999	2
Matteo Bittante	1999	2
Luciano Padovani	1999	2
Lloyd Newson	1999	2
George Balanchine	1999	2
Gabriele Villa	1999	2
Fabrizio Monteverde	1999	2
Brian Bullard	1999	2
Angelin Preljocaj	1999	2
André de la Roche	1999	2
Alex Sieff	1999	2
Viviana Vaccaro	1999	1
Vittorio Biagi	1999	1
Virgilio Sieni	1999	1
Van Hoecke	1999	1
Tiziana Ferro	1999	1
Susanna Beltrami	1999	1
Serge van de Velde	1999	1
Robert Johnes	1999	1
Richard Melendez	1999	1
Raffaele Irace	1999	1
Pierre Monteux	1999	1
Piero Nuti	1999	1
Piero La Motta	1999	1
Piera Degli Esposti	1999	1
Pier Paolo Koss	1999	1
Pamela Villoresi	1999	1
P. Cerroni	1999	1
Murray Louis	1999	1
Michele Poglianl	1999	1
Micha Van Hoecke	1999	1
Mauroce Béjart	1999	1
Mauro Togna	1999	1
Maurizio Galli	1999	1
Maurice Béjart	1999	1
Maurice Bejart	1999	1
Maurice Beart	1999	1
Mats Ek	1999	1
Mario Piazza	1999	1
Marinel Stefanescu	1999	1
Luigi Manzotti	1999	1
Luca Tommasini	1999	1
Lev l.ukin	1999	1
Kassim Bayatly	1999	1
Juan Carlos Copes	1999	1
José Limòn	1999	1
John Cranko	1999	1
Joachim Schloemer	1999	1
Jiri Kilian	1999	1
Jerome Robbins	1999	1
JeanPaul Sartre	1999	1
Jean Christophe Maillot	1999	1
Ijry Kilian	1999	1
Giorgio Mancini	1999	1
Gino Landi	1999	1
Gigi Caciuleanu	1999	1
Gherogno lancu	1999	1
Geoige Balanchine	1999	1
Franco Di Napoli	1999	1
Francis Demarteau	1999	1
Fabrizio Angelini	1999	1
Dexter Bragton	1999	1
Denys Canio	1999	1
Denis Canio	1999	1
David Parson	1999	1
Daniele Scremiti	1999	1
Daniela Tricerri	1999	1
Charles Trenet	1999	1
Carlos Saura	1999	1
Bruce Heath	1999	1
Bill T. Jones	1999	1
Bernardo Montet	1999	1
Ari Tenhuìa	1999	1
Paul Steffen	1953	1
Giorgio Balanchine	1953	1
George Balanchine	1953	1
Brigit Cullberg	1953	1
Mario Pistoni	1971	2
Loris Gai	1971	2
Gino Laudi	1971	2
Gino Landi	1971	2
Don Lurio	1971	2
Arthur Mitchell	1971	2
Tonv Coicionc	1971	1
Thomas Mitchell	1971	1
Sergej Diaghilev	1971	1
Scrgc Lifar	1971	1
Roland Petit	1971	1
Luigi Bonino	1971	1
Gino Landl	1971	1
Flemming Flindt	1971	1
Arthur Mltchell	1971	1
Marco Tutino	1995	9
Marco Garofalo	1995	6
Luciano Cannito	1995	6
Victor Ullate	1995	4
Bill T. Jones	1995	4
Toni Ventura	1995	3
Saverio Vallone	1995	3
Paolo Alfiere	1995	3
Micha van Hoecke	1995	3
Matteo Perico di Bergamo	1995	3
Mark Morris	1995	3
Lue Bouy	1995	3
Lindsay Kemp	1995	3
Gino Laudi	1995	3
Gheorghe lancu	1995	3
Antonella Bertoni	1995	3
Uwe Scholz	1995	2
Rodrigo Pederneiras	1995	2
Pier Paolo Koss	1995	2
Giancarlo Muselli	1995	2
George Balanchine	1995	2
Fabrizio Monteverde	1995	2
Daniel Ezralow	1995	2
Daniel Eznilow	1995	2
Antonio Gades	1995	2
Amedeo Amodio	1995	2
Yorges Loukes	1995	1
William Forsythe Forsythe	1995	1
William Forsythe	1995	1
Walter Cinquinella	1995	1
Stefano Forti	1995	1
Salvatore Vigano	1995	1
Salvator Tavora	1995	1
Roberto Fascilla	1995	1
Roberto Castello	1995	1
Renato Zanella	1995	1
Pertti Virtanen	1995	1
Moses Pendleton	1995	1
Michail Fokin	1995	1
Micha Van Hoecke	1995	1
Merce Cunningham	1995	1
Maurizio Saiu	1995	1
Massimo Moncone	1995	1
Marcel Marceau	1995	1
Manuel Frattini	1995	1
Manano Brancaccio	1995	1
Luca Nesti	1995	1
José Limón	1995	1
Jean Grand	1995	1
Ivan Manzoni	1995	1
Igor Yebra	1995	1
Giuseppe Carbone	1995	1
Gianfranco De Lama	1995	1
Franco Miseria	1995	1
Fabio Gallo	1995	1
Eduardo Lao	1995	1
Don José	1995	1
Costantino Garufalis	1995	1
Claude Gallotta	1995	1
Busby Berkley	1995	1
Maurice Béjart	1969	2
Gino Laudi	1969	2
Gino Landi	1969	2
Boris Tonin	1969	2
Tony Walton	1969	1
Serge Lifar	1969	1
Salvatore Vigano	1969	1
Rita Checolin	1969	1
Nicola Benois	1969	1
Michel Descombey	1969	1
Luciano Bellia	1969	1
Litz Pisk	1969	1
Kurt Joos	1969	1
Jack Bunch	1969	1
Gino Lcndt	1969	1
George Balanchlne	1969	1
George Balanchine	1969	1
Felix Blaska	1969	1
Eliot Feld	1969	1
Don Lurio	1969	1
Bob Fosse	1969	1
Renato Greco	1972	3
Maurice Béjart	1972	2
Maria Teresa Dal Medico	1972	2
Vicente Nebrada	1972	1
Vachtang Chabukiani	1972	1
Ted Shawn	1972	1
Nino Carta	1972	1
Max Diiiiis	1972	1
Mario Pistoni	1972	1
Gino Laudi	1972	1
Gino Landi	1972	1
Gino Land !	1972	1
George Balanchine	1972	1
Fokine compose	1972	1
Enrico Job	1972	1
Brian Mac Donald	1972	1
Milorad Miskovich	1986	8
Charles Vodoz	1986	8
Aurelio Milloss	1986	5
Glen Tetley	1986	4
Frederick Ashton	1986	4
Vladimir Derevianko	1986	3
Maurice Béjart	1986	3
Eppoi Gades	1986	3
Aurei Miloss	1986	3
Alberto Testa	1986	3
Roland Petit	1986	2
Mario Pistoni	1986	2
Loris Gai	1986	2
Kenneth Macmillan	1986	2
John Cranko	1986	2
Franco Miseria	1986	2
Enzo Cosimi	1986	2
Ben Rochemont	1986	2
Aureli Milloss	1986	2
William Forsythe	1986	1
Vladimir Vasiliev	1986	1
Vittorio Biagi	1986	1
Uwe Scholz	1986	1
Tony Ventura	1986	1
Thierry Malandalne	1986	1
Stanley Donerà	1986	1
Sergio Japino	1986	1
Serge Llfar	1986	1
Rudi van Dantztg	1986	1
Roberto Fascina	1986	1
Roberta Escamilla Garrison	1986	1
Robert Cohan	1986	1
Renato Greco	1986	1
Rafael Agullar	1986	1
Pino Mlakar	1986	1
Petit ROLAND	1986	1
Petit INTER	1986	1
Peter Martlns	1986	1
Peter Anastos	1986	1
Patricia Neary	1986	1
Oilllan Lynne	1986	1
Mtlorad Miskovich	1986	1
Miroslav Kure	1986	1
Michael Bennet	1986	1
Micha van Hoecke	1986	1
Massimo Moricone	1986	1
Marlus Petlpa	1986	1
Marcello Stramaccl	1986	1
Marc Renouard	1986	1
Luigi Martelletta	1986	1
Leningrado Boris Eifman	1986	1
L. Falco	1986	1
Kevin Halgen	1986	1
Kevin Haigen	1986	1
John Travolta	1986	1
John Neumeyer	1986	1
John Neumeier	1986	1
John Cranico	1986	1
Jean Dudan	1986	1
Janine Charrat	1986	1
Heinz Spedi	1986	1
Heather Parisi	1986	1
Hans vari Manen	1986	1
Hans van Manen	1986	1
Hans Van Manen	1986	1
Goyo Monterò	1986	1
Gillian Lynne	1986	1
Gii Garehne	1986	1
Giancarlo Sessa	1986	1
George Balanchine	1986	1
Filippo d' Aglii	1986	1
Erich Walter	1986	1
Enzo Paolo Turchi coreografo	1986	1
Enzo Carbone	1986	1
Edouard Lock	1986	1
Clyde Barrett	1986	1
Clyde Barret	1986	1
Claudio Bandera	1986	1
Claude Coldy	1986	1
Aurelio Mllloss	1986	1
Aurelio Milloss Derevianko	1986	1
Aurei Millos	1986	1
Aurei MI'	1986	1
Aurei M. Milloss	1986	1
Antony Tudor	1986	1
Antonio Pallerinl	1986	1
Amedeo Amodio	1986	1
Alfonso Catà	1986	1
Aeneas di Roussel	1986	1
Ugo Dell' Ara	1955	2
Tatiana Pavlova	1955	1
Leonida Mossine	1955	1
Leonida Massine	1955	1
Lee Bherman	1955	1
Jean de Koven	1955	1
Fanny Essler	1955	1
Donald Saddler	1955	1
Maurice Bejart	2000	14
Maurice Bejart Rivive	2000	5
Dante Fiorenza	2000	5
Renato Greco	2000	3
William Forsythe	2000	2
Maria Teresa dal Medico	2000	2
Ukmar E ' super	2000	1
Serge Manguette	2000	1
Serge Alzella	2000	1
Roberto lavino GENOVA	2000	1
Renato Croco	2000	1
Pierre Beauchamp	2000	1
Patick King	2000	1
Mirko Menarini	2000	1
Michele Pogliani Michele Pogliani	2000	1
Mauro Bigonzetti	2000	1
Maurizio Frisone	2000	1
Maurice Béjart	2000	1
Maurice Be|art	2000	1
Matteo Bittante	2000	1
Maria Teresa Del Medico	2000	1
Maria Rita Zenobi	2000	1
Luigi Manzotti	2000	1
Luigi Manzoni	2000	1
Kevin O' Day	2000	1
Ken Cazan	2000	1
John Neumeier	2000	1
Jiri Kylian	2000	1
Jason Gardiner	2000	1
Giorgio Rossi	2000	1
Gigi Caciuloanu	2000	1
Gigi Caciuleanu	2000	1
Enzo Celli	2000	1
David Parker	2000	1
Carlo Felice	2000	1
Bill T.Jones	2000	1
Barak Marshall	2000	1
Antonio Della Mo	2000	1
Andrea Longhi	2000	1
Andrea Lon � ghi	2000	1
Valerio Brocca	1958	1
Paul Steffen	1958	1
Roland Petit	1990	4
Alberto Testa	1990	4
Yurij Grigorovich	1990	3
Gianfranco Paoluzi	1990	3
van Manen	1990	2
Roberto Fascilla	1990	2
Philippe Decouflé	1990	2
Misha van Hoecke	1990	2
Massimo Moncone	1990	2
Marius Petipa	1990	2
José Limon	1990	2
Jerome Robbins	1990	2
George Balanchine	1990	2
Franco Miseria	1990	2
Enzo Cosimi	1990	2
Dennis Wayne	1990	2
Bob Fosse	1990	2
Ben Stevenson	1990	2
Angelin Preljocaj	1990	2
Andrea Francalanci	1990	2
William Forsythe	1990	1
Virgilio Sieni	1990	1
Vincent Patterson	1990	1
Ulusses Dove	1990	1
Tanaquil Le Clerc	1990	1
Stephen Petronio	1990	1
Sergej Diaghilev	1990	1
Salvatore Vigano	1990	1
Rosario Picco	1990	1
Roberto Piana	1990	1
Ralph Lemon	1990	1
Piero Rossi	1990	1
Philippe Tresserra	1990	1
Periti Virtanen Sabato	1990	1
Periti Virtanen	1990	1
Oleg Danovski	1990	1
Oba Oba	1990	1
Miriam Raducanu	1990	1
Michael Shawn	1990	1
Michael Bennett	1990	1
Micha van Hoecke	1990	1
Micha Van Hoecke	1990	1
Maurice Béjart	1990	1
Maurice Bciart	1990	1
Mario De Pina	1990	1
Maregot Fontayn	1990	1
Marco Piazza	1990	1
Marcello Stamaggi	1990	1
Manolo Mario	1990	1
Léonard Bernstein	1990	1
Lorca Massin'	1990	1
Ko Murobushi	1990	1
Kevin Oakes	1990	1
Jun Maeda	1990	1
Julio Lopez	1990	1
Julio Bocca	1990	1
Joseph Russillo	1990	1
John Neumeier	1990	1
Job Sanders	1990	1
Jiry Kylian	1990	1
Hans Van Manen	1990	1
Gower Champion	1990	1
Gino Landi	1990	1
Gianni Versace	1990	1
Giancarlo Vantaggio	1990	1
Gian Carlo Menotti	1990	1
Gabriele Ferraris John Neumeier	1990	1
Frangois Raffinot	1990	1
Francois Verret	1990	1
Francisco Moncion	1990	1
Fabio Gallo	1990	1
Elisio Lucio Fernandes	1990	1
Don Lurio	1990	1
Derek Deane	1990	1
Dennis Wajne	1990	1
De Warren	1990	1
Dcrek Decine	1990	1
David Sutherland	1990	1
Boris Miagkov	1990	1
Beppe Menegatti	1990	1
Aurelio Mil loss	1990	1
Angclin Preliocai	1990	1
Amedeo Amodio	1990	1
Alice Goodman	1990	1
Aurei M. Millos	1950	1
Gene Kelly	1956	3
John Taros	1956	2
Roland Petit	1956	1
Michael balla	1956	1
Marius Petlpa	1956	1
Mario Zuffl	1956	1
Manna Petlpa	1956	1
Luciana Novaro	1956	1
Giacomo Pigila	1956	1
Alfredo Rodriguez	1956	1
Alfredo Capolunghl	1956	1
Orio Vergarli	1951	1
Roland Petit	1993	5
Tuccio Rigano	1993	3
Micha Van Hoecke	1993	3
Maurice Béjart	1993	3
Luciano Cannito	1993	3
John Cranko	1993	3
Jacob Marley	1993	3
Giuseppe Orizzonte	1993	3
George Balanchine	1993	3
Youri Vamos	1993	2
Virgilio Sieni	1993	2
Rudi van Dantzig	1993	2
Moses Pendleton	1993	2
Matt Mattox	1993	2
Louis Falco	1993	2
Kenneth MacMillan	1993	2
Gaetano Castelli	1993	2
Franco Miseria	1993	2
Fabrizio Monteverde	1993	2
Amedeo Amodio	1993	2
Van Hoecke	1993	1
Vakhap Salimbaev	1993	1
Svetlana Koubasova	1993	1
Suzanne Farrel	1993	1
Steve Merritt	1993	1
Stefano Forti	1993	1
Spike Lee	1993	1
Santiago Alfonso	1993	1
Salvatore Vigano	1993	1
Russillo Oggi	1993	1
Riccardo Della Godenza	1993	1
Piero Rossi	1993	1
Pier Paolo Koss	1993	1
Paola Masi	1993	1
Orazio Messina	1993	1
Maunce Béjart	1993	1
Massimo Moncone	1993	1
Luca Bruni	1993	1
Liz King	1993	1
Leonid Massine	1993	1
Kenneth MacMiìlian	1993	1
Kenneth MacMillian	1993	1
John Neumeier	1993	1
Jean Gaudin	1993	1
Iancu Tutti	1993	1
Guy Béjart	1993	1
Gino Landi	1993	1
Galleria La Borgognona	1993	1
Frederick Ashton	1993	1
Felix Ruckert	1993	1
Eduardo Riviera	1993	1
Donlin Foreman	1993	1
Don Marasigan	1993	1
Don Lurio	1993	1
Daniel Ezralow	1993	1
Claude Coldy	1993	1
Carla Fracci	1993	1
Bill TJones	1993	1
Beatrice Flaborea	1993	1
Antoni no Sciortmo	1993	1
Angelin Preljocaj	1993	1
Alwin Nikolais	1993	1
Alfonso Guadagni	1993	1
Alfonso Da	1993	1
Alex Sieff	1993	1
Alessandra Zacco	1993	1
Roy Scheider	1980	7
Bob Fosse	1980	4
Maurice Béjart	1980	3
Douglas Dunn	1980	3
Riccardo Nunez	1980	2
John Cranko	1980	2
John Butler	1980	2
Gustav Gerhard	1980	2
Zarko Prebil	1980	1
Yuli Vzorov	1980	1
Torinojper il Regio	1980	1
Roy Scheldar	1980	1
Roland Petit	1980	1
Renato Scarpa	1980	1
Ramiro Guerra	1980	1
Pierre La Cotte dell' Opera	1980	1
Patii Taylor	1980	1
Michael Fokine	1980	1
Luis Falco	1980	1
Lue Bouy	1980	1
Louis Falco Louis Falco	1980	1
Louis Falco	1980	1
Joseph Russillo	1980	1
John Cage	1980	1
Joe Gideon	1980	1
Jiri Kjlian	1980	1
Jerome Robbins	1980	1
Jean Dauberval	1980	1
Jack Bunch	1980	1
J. Grigo	1980	1
Guido Lauri	1980	1
Gower Champion	1980	1
Glen Tetley	1980	1
Giorgio De Lullo	1980	1
Geoffrey Cauley	1980	1
Geoffre Cauley	1980	1
Frederick Ashton	1980	1
Filippo Vallone	1980	1
Enzo Avallone	1980	1
Claudio Ferraro	1980	1
Busby Berkeley	1980	1
Amedeo Amodio	1980	1
Gino Landi	1977	3
Yuri Grigorovic	1977	1
Vittorio Bìagi	1977	1
Vittorio Biagi	1977	1
Victor Cuéllar	1977	1
Victor Cuellar	1977	1
Umberto Siena	1977	1
Roberto Fascilla	1977	1
Norman Walter	1977	1
Micha van Hoecke	1977	1
M. Folcine	1977	1
Joseph Russillo	1977	1
John Cranko	1977	1
Herbert Ross	1977	1
Guido Lauri	1977	1
Giuseppe Villa	1977	1
Gino Malerba	1977	1
Eliot Field	1977	1
Eduardo Rivero	1977	1
Dennis Wayne	1977	1
Don Lurio	1959	2
b. g. 1	1959	1
Susanna Egri	1959	1
Prokofiev Massine	1959	1
Mariuj Pepita	1959	1
Jacques Chazot	1959	1
Ferruccio Bini	1959	1
Donald Saddler	1959	1
Don Lorlo	1959	1
