Giulio Paolini	1970	3
Pier Luigi Pizzi	1970	2
Eugenio Guglielminetti	1970	2
Simon Virdsalasze	1970	1
Roberto Lagana	1970	1
Pier Luigi ' Pizzi	1970	1
Libor Fara	1970	1
Lennart Mòrk	1970	1
Josef Svoboda	1970	1
Gorni Kramer	1970	1
Giulio Pan1 lini	1970	1
Giulio Faolini	1970	1
Gabriella Ravazzi	1970	1
Ferruccio Vfllagrossl Balletto	1970	1
Ferdinando Scarfiotti	1970	1
Emanuele Luzzati	1970	1
Egisto Volterrani	1970	1
Corrado Cervi	1970	1
Luciano Damiani	1966	3
Vaclav Smetacek	1966	1
Titina Maselli	1966	1
Rouben Ter Arutunian	1966	1
Pruno Salerno	1966	1
Piero Gheinnli	1966	1
Pier Luigi Pizzi	1966	1
Mischa Scandella	1966	1
Merle Oberon	1966	1
Maurizio Monteverde	1966	1
Maro Chagall	1966	1
Lucilla Mortacel MILANO	1966	1
Jur- stival del Piccolo di «	1966	1
Gottfried Neumann	1966	1
Franco Gherardi	1966	1
Eugenio Gugllei	1966	1
Emanuele Lu«Per	1966	1
Emanuele Luzzatl	1966	1
Emanuele Luzzati	1966	1
Edward Goldwin	1966	1
Corrado Cagli	1966	1
Cesnrini da Senigallia	1966	1
André Lettila	1966	1
Pietro Canonica	1955	2
Saverio Tutina	1955	1
Rossella d' Aquino	1955	1
Roger Furse	1955	1
Pino Casarinl	1955	1
Glsa Geert	1955	1
Eugenio Guglielminetti	1965	4
Luciano Damiani	1965	2
Andrea Volpe	1965	2
Alberto Macario	1965	2
Valentin Bogaslovich	1965	1
Silvano Falleni	1965	1
Renzo Mongiardino	1965	1
Milo Scordtssa	1965	1
Mario Barbuglia	1965	1
Margherita Wallmann	1965	1
Mac Do	1965	1
Knrico d' Assia	1965	1
Josef Szajna	1965	1
Gianni Di Venanzio	1965	1
Francois de Lamothe	1965	1
Franco Bray	1965	1
Francesco Fontana Arnaldi	1965	1
Filippo Sanjust	1965	1
Emilio Barone	1965	1
Emanuele Luzzatti	1965	1
Emanuele Luzzati	1965	1
Eduardo De Filippo	1965	1
Dario Fo	1965	1
Danilo Donati	1965	1
Corrado Cagli	1965	1
Carlo Aclig Azzollni	1965	1
Carla Torrero	1965	1
Bernardino Galliari	1965	1
Benois scenografo	1965	1
Alberto Sàntonovllo	1965	1
Alberto Margarini	1965	1
Pier Luigi Pizzi	1976	3
Giorgio Panni	1976	2
Emilio Carcano	1976	2
Adam Pollock	1976	2
Tony Stefanucci	1976	1
Raffaele Del Savio	1976	1
Piero Tosi	1976	1
Pierluigi Pizzi	1976	1
Patrick Libby	1976	1
Paolo Tommasì	1976	1
Paolo Tommasi	1976	1
Nicola Rubertellì	1976	1
Lucio Lucentlni	1976	1
Lorenzo Ghiglia	1976	1
Ken Adam	1976	1
John Napier	1976	1
Herman Blumenthal	1976	1
Giuseppe Barbavara	1976	1
Giovanni Episcopo	1976	1
Gianfranco Padovani	1976	1
Giancarlo Bignardi	1976	1
Geoffrey Unswortht	1976	1
Franco ' Bollarlo	1976	1
Eugenio Guglielminetti	1976	1
Eugenio Berman	1976	1
David Cameron	1976	1
Cuseppe Mangano	1976	1
Antonio Valente	1976	1
Antonio Mele	1976	1
Angelo Poli	1976	1
Andreas Ranhardt	1976	1
Amedeo Fago	1976	1
Alberto Burri	1976	1
Adam Pollok	1976	1
Enrico Job	1985	7
Pier Luigi Pizzi	1985	6
Luciano Damiani	1985	4
Giancarlo Quaglia	1985	4
Mario Ceroli	1985	3
Luciano Ricceri	1985	3
Emanuele Luzzati	1985	3
David Baker	1985	3
D' Angelo	1985	3
Carlo Giuliano	1985	3
Paolo Biagettt	1985	2
Maurizio Baiò	1985	2
Mario Garbuglia	1985	2
Lele Luzzati	1985	2
John De Cuir	1985	2
Ichiro Takada	1985	2
Gianfranco Padovani	1985	2
Giancarlo Bignardi	1985	2
Gian Maurizio Fercioni	1985	2
Francis Veber	1985	2
Francesco Frigerl	1985	2
Francesco Frigeri	1985	2
Ennio Di Majo scenografo	1985	2
David Borovskij	1985	2
Carlo Rapp	1985	2
Antonio Capuano	1985	2
﻿David Baker	1985	1
Yannis Kokkos	1985	1
William Dudley	1985	1
William Dudlcy	1985	1
Uberto Beri	1985	1
Sergio D ' Osino	1985	1
Rudy Bargioni	1985	1
Rolf Borzik	1985	1
Piero Zuffi	1985	1
Pierluigi Pizzi	1985	1
Pai HaXmen	1985	1
Oiannl Folklori	1985	1
Nicola Trussardl	1985	1
Nicola Benols	1985	1
Mlscha Scandella	1985	1
Michele Canzio	1985	1
Mario Chiari	1985	1
Marina Sokolova	1985	1
Luciano Spadoni	1985	1
Lorenzo Musso	1985	1
Ken Adam	1985	1
Jorge Amado	1985	1
John W. Corso	1985	1
Holiday On Ice	1985	1
Hayden Orlffin	1985	1
Hayden Grlffin	1985	1
Hayden Griffin	1985	1
Harley Yessup	1985	1
GuyClaude Francois	1985	1
Graziano Giusti	1985	1
Giovanni Agostinuccl	1985	1
Giorgio Bertolinl	1985	1
Gino Pellegrini	1985	1
Gianni Sbarra	1985	1
Gianni Polldorl	1985	1
Gianfranco Costagliela	1985	1
Giancarlo Blgnardl	1985	1
Gian Maurizio Perdoni	1985	1
Gian Francesco Ramaccl	1985	1
Gaetano Castelli	1985	1
Frederlc Franklin	1985	1
Franco Zeffìrelli	1985	1
Franco Zefflrelll	1985	1
Francis Vcbcr	1985	1
Francesco Frlgerl	1985	1
Felice Casorati	1985	1
Ezio Frigerìo	1985	1
Ezio Antonelli	1985	1
Eugenio Gugllelminetti	1985	1
Eugenio Guglielminettl	1985	1
Eugenio Gugliclminctli	1985	1
Eros Pagnl	1985	1
Eros Pagni	1985	1
Enrico Fiorentini	1985	1
Ennio De Concini	1985	1
Emanuele Luzzali	1985	1
Desmond Heeley	1985	1
Dante Ferretti	1985	1
Dalila Di Lazzaro	1985	1
Carlo Tommasi	1985	1
Camillo Bazzoni	1985	1
Bruce Beresford	1985	1
Beppe Bertero	1985	1
Benxl Montrcser	1985	1
Beni Montresor	1985	1
Bassifondi di Gorkij	1985	1
Attilio Colonnello	1985	1
Angelo Fattoraccl	1985	1
Alexandre Trauner	1985	1
Alexander Elmau	1985	1
Attila Kovacs	1986	5
Ezio Frigerio	1986	4
Mario Garbuglia	1986	3
Josef Svoboda	1986	3
Gaetano Castelli	1986	3
Emanuele Luzzati	1986	3
Carlo Savi	1986	3
Uberto Bertacca	1986	2
Pétrika Ionesco	1986	2
Pierluigi Pizzi	1986	2
Marcel Carnè	1986	2
Luciano Spadoni	1986	2
Leo Standard	1986	2
Gianni Sbarra	1986	2
Ferdinando Scarfiotti	1986	2
Eugenio Guglielminetti	1986	2
Enzo Samigli	1986	2
Enrico Job	1986	2
Dante Ferretti	1986	2
Carlo Leva	1986	2
Alexander McPherson	1986	2
Yannis Kokkos	1986	1
Virginio Puecher	1986	1
Vincenzo Fiorito	1986	1
Umberto Turchi	1986	1
Tinin Mante	1986	1
Terence Marsh	1986	1
Syd Caln	1986	1
Simon Vincenzi	1986	1
Silvio Ceccato	1986	1
Sergio D' Osmo	1986	1
Sandro Sesti	1986	1
Rolf Zehetbauer	1986	1
Roberto Piate	1986	1
Pier Luigi Pizzi	1986	1
Peter Pabst	1986	1
Pasquale Grossi	1986	1
Pasquale Barbano	1986	1
Paolo Tommasi	1986	1
Paolo De Caro	1986	1
Oiulletta Simlonato	1986	1
Nicola Rubertolti	1986	1
Nicola Rubertelli	1986	1
Montecarlo per Scaparro	1986	1
Mauro Bernini	1986	1
Maurizio Baiò	1986	1
Mario Montagna	1986	1
Mario Garbuglia scenografo	1986	1
Mario Catalano	1986	1
Mario Caroli	1986	1
Margherita Palli	1986	1
Luciano Rlcceri	1986	1
Luciano Ricceri	1986	1
Luca Villani	1986	1
Lorenzo Ghiglia	1986	1
Lele Luzzati	1986	1
Lele Lussati	1986	1
Lauro Crlsman	1986	1
Karl Heinz Steck	1986	1
Joset Svoboda	1986	1
John Gunter	1986	1
Henning von Girke	1986	1
Hans Hoffer	1986	1
Gu glielminetti	1986	1
Gisbert Jakel	1986	1
Giorgio Aragno	1986	1
Gianni Villa	1986	1
G3nther Schneider	1986	1
Franco Troiani	1986	1
Francesco Barchetta	1986	1
Franca Squarciapino	1986	1
Ferucclo VlllagrossL	1986	1
Ferdinando ' Scarfiotti	1986	1
Ezio Zef	1986	1
Eugenio Qugllelmlnetti	1986	1
Eugenio GuglÌPlnjlrbPtt;l	1986	1
Eugenio Gugllelmlnettl	1986	1
Eugenio Guglielminettì	1986	1
Eugenio Gugliclminetti	1986	1
Eugenio Gu	1986	1
Eugeiv ' Guglielminettl	1986	1
Enzo Somigli	1986	1
Enzo Frigerio	1986	1
Enrico Baj	1986	1
Emncele Luzzatti	1986	1
Emanuele Luzzatl	1986	1
Elio Sanzognl	1986	1
De Paolis	1986	1
Danilo Donati	1986	1
Danielle Thompson	1986	1
Colin Graham	1986	1
Claude Francois	1986	1
Carlo Sala	1986	1
Bruno Salerno	1986	1
Bruno Oarofalo	1986	1
Bruno Garofalo	1986	1
Beppe Bertelo	1986	1
Attilio Colonnello/	1986	1
Armando Nobili	1986	1
Antonio Fiorentino	1986	1
Antonello Agitoti	1986	1
Antonello Agitoli	1986	1
Andrea Crlsantl	1986	1
Andrea Crisanti	1986	1
Alexandre Tranner	1986	1
Aldo Butl	1986	1
Sherazade »	1957	1
Piero Zufn	1957	1
Mischa Scandella	1957	1
Gianni Polidori-	1957	1
Georges Wakhevìtch	1957	1
Franco Cagnioli	1957	1
Enrico Tovaglieri	1957	1
Alexander Bénoit	1957	1
Alexander Baxer	1957	1
Felice Casorati	1968	3
Emanuele Luzzati	1968	3
Cesarini da Senigallia	1968	2
Vittorio Accornero	1968	1
Valeria Moriconi	1968	1
Richard Mac	1968	1
Miomir Denic	1968	1
Maurizio Monteverde	1968	1
Mario Barbuglia	1968	1
Luzzati Valeria Monconi	1968	1
Luciano Ricceri	1968	1
Lorenzo Chiglia	1968	1
Josef Svoboda	1968	1
Igor Moiseyev	1968	1
Hubert Montloup	1968	1
Giorgio De Lullo	1968	1
Gerard Vergez	1968	1
Georges Wakhevitch	1968	1
Evgheny Enej	1968	1
Eugenio Guglielminetti	1968	1
Emanuele LUZZATI	1968	1
Davide Negro	1968	1
Conrad Drzewiecki	1968	1
Claudio Privitera	1968	1
Claudio Abbado	1968	1
Cesarmi da Senigallia	1968	1
André Lavasseur	1968	1
Charles Séchan	1951	2
Ezio Frigerio	1981	5
Enrico Job	1981	5
Vittorio Rossi	1981	4
Eugenio Guglielminetti	1981	3
Emanuele Luzzati	1981	3
Pier Luigi Pizzi	1981	2
Paolo Tommasi	1981	2
Maurizio Baiò	1981	2
Luciano Damiani	1981	2
a. p. poela guineii	1981	1
Walter Bernstein	1981	1
Umberto Bertacca	1981	1
Tono Zancanaro	1981	1
Silvio Conti	1981	1
Santuzza Cali	1981	1
Santa Croce	1981	1
Richard McDonald	1981	1
Regìa Pier Giuseppe Corrado	1981	1
Pierluigi Pizzi	1981	1
Patrick Robertson	1981	1
Ottavio Coffano	1981	1
Mauro Pertignani	1981	1
Mauro Pagano	1981	1
Mauro Carosi	1981	1
Mario Chiari	1981	1
Margherita Bussotti	1981	1
Lorenzo Ghiglia	1981	1
Lorenzo Baraldi	1981	1
Lele Lussati	1981	1
Kotj Miyazaki	1981	1
Jordan Cronenweth	1981	1
Jack Plsk	1981	1
Jack Pisk	1981	1
Jack Fisk	1981	1
Hubert Monloup	1981	1
Giulio Gianini	1981	1
Giovanni Agostinucci	1981	1
Giorgio Panni	1981	1
Gianni Polldort	1981	1
Gianfranco Padovani	1981	1
Gian Mesturlno	1981	1
Eugenio Gugllelmlnettl	1981	1
Eugenio Gugiielminetti	1981	1
Dudi D' Agostini	1981	1
David Borovski	1981	1
Danilo Donati	1981	1
Chns Dyer	1981	1
Carlo Uva	1981	1
Carlo Savi	1981	1
Carlo Rapp	1981	1
Antonio Lampognana	1981	1
Antonello Agliotti	1981	1
Antonello Aglioli	1981	1
Antonello Aglio	1981	1
Aligi Sassu	1981	1
Adam Pollock	1981	1
Emil Preetorius	1952	1
Adrlano Micheletto	1950	1
Ottavio Coffano	1993	11
Lele Luzzati	1993	9
Salvatore Devardo	1993	4
Luciano Ricceri	1993	4
Eugenio Guglielminetti	1993	3
Emanuele Luzzati	1993	3
Thierry Perez	1993	2
Nicola Pankoff	1993	2
Andrea Drago	1993	2
Ulisse Santicchi	1993	1
Uberto Bertacca	1993	1
Tito Varisco	1993	1
Tino Bettini	1993	1
Sergio Saccomandi	1993	1
Sebastiano Crippa	1993	1
Salva Garipoli	1993	1
Roberto Laganà	1993	1
Roberto Comotti	1993	1
Riccardo Ghirardini	1993	1
Paolo Tommasi	1993	1
Paolo Bregni	1993	1
Paolo Biagetti	1993	1
Ottavio Spadaro	1993	1
Nicola Rubertelli	1993	1
Micol Pambieri	1993	1
Mauro Bellei	1993	1
Maurizio Agostinetto	1993	1
Mario Garbuglia	1993	1
Marco Bellocchio	1993	1
Marcello Sindici	1993	1
Luciano Bicceri	1993	1
Lina Wertmùller	1993	1
Ken Russell	1993	1
Josef Svoboda	1993	1
Jean - Marc Stenle	1993	1
Gruppo Artisti Associati	1993	1
Gianni Sbarra	1993	1
Gianni Dal Bello	1993	1
Giacomo Rigalza	1993	1
Gabriella Pescucci	1993	1
Francesco Zito	1993	1
Filippo Crivelli	1993	1
Fabn^io Lupo	1993	1
Fabio Antinori	1993	1
Ezio Baino	1993	1
Ermanno Branca	1993	1
Enza Galantini	1993	1
Enrico Job	1993	1
Enrico Baj	1993	1
Elio Sanzogni	1993	1
Dante Ferretti	1993	1
Conte di San Martino	1993	1
Carmelo Giammello	1993	1
Carlo Sala	1993	1
Brian Thomson	1993	1
Beppe Pavese	1993	1
Armando Brignolo	1993	1
Antonio Valente	1993	1
Angelo Lodi	1993	1
Amedeo Fago	1993	1
Aldo Terlizzi	1993	1
Mariano Mercuri	1960	3
Ludovico Muratori	1960	3
Isidoro Bea	1960	2
Bruno Salerno	1960	2
Virgilio Marchi Roma	1960	1
Sergio Palmieri	1960	1
Peter Hall	1960	1
P. Gherardi	1960	1
Maurizio Monteverde	1960	1
Luca Grippa	1960	1
John Pratt	1960	1
G. Bellisario	1960	1
Filippo Corradi Cervi	1960	1
Cristina Gaioni	1960	1
Chiari Mario	1960	1
Carlo Cesarinl da Senigallia	1960	1
John Prat	1949	1
Fabrizio Clerici	1949	1
Mario Chiari	1956	2
Orlando di Collalto	1956	1
Mario Zuffl	1956	1
Mario Pompei	1956	1
Giorgio Veccia	1956	1
Enrico Prompolini	1956	1
Lele Luzzati	1989	8
Uberto Bertacca	1989	4
Emanuele Luzzati	1989	4
Mario Chiari	1989	3
Paolo Bernardi	1989	2
Ottavio Coffano	1989	2
Nicola Benois	1989	2
Maurizio Baiò	1989	2
Mario Garbuglia	1989	2
Luciano Damiani	1989	2
Josef Svoboda	1989	2
Gian Franco Padovani	1989	2
Gaetano Castelli	1989	2
Dean Tavoularis	1989	2
Danilo Donati	1989	2
Beni Montresor	1989	2
Alexandre Trauner	1989	2
Alessandro Fersen	1989	2
Aldo Terlizzi	1989	2
William Dudley	1989	1
Ulisse Santicchi	1989	1
Tonino Conte	1989	1
Tito Vansco	1989	1
Sylvano Bussotti	1989	1
Riccardo Muti	1989	1
Pierpaolo Giraudo	1989	1
Pier Luigi Pizzi	1989	1
Pasquale Grossi	1989	1
Paolo Bregni	1989	1
Nigel Lowrey	1989	1
Nicola Rubertelli	1989	1
Nicky Gillibrand	1989	1
Mauro Garosi	1989	1
Mauro Carosi	1989	1
Mario Garosi	1989	1
Luzzati GENOVA	1989	1
Lucy Casu	1989	1
Lucio Fanti	1989	1
Luca Baraldo	1989	1
Lorenzo Boiardi scenografo	1989	1
Lele Luta	1989	1
LUCIANO tKCIII coita	1989	1
Katya Benedetti	1989	1
John Napier	1989	1
James Fox	1989	1
Igor Popov	1989	1
Henning von Gierke	1989	1
Hans Schavernoch	1989	1
Giulio Coltellacci	1989	1
Giovanni Lanza	1989	1
Gianni Carluccio	1989	1
Gianmaurizio Fercioni	1989	1
Germinai Casado	1989	1
Franco Nonnis	1989	1
Francesco Zito	1989	1
Ferdinando Scarfiotti	1989	1
Ferdinando Antonio Bonsignore	1989	1
Eugenio Liverani	1989	1
Eugenio Gughelminetti	1989	1
Erte Alleanza	1989	1
Enrico Job scenografo	1989	1
Enrico Fiorentini	1989	1
Elvio Porta	1989	1
Eleo Ishloka	1989	1
Elena Sofia Ricci	1989	1
Elena Ricci	1989	1
Dean Ta	1989	1
David Hockney	1989	1
David Byrne	1989	1
Cong Su	1989	1
Christian Olivares	1989	1
Carlo Simi	1989	1
Carlo Senesi	1989	1
Carlo Diappl	1989	1
Carlo Diappi	1989	1
Carlo Cesarmi da Senigallia	1989	1
Beppe Bertero	1989	1
Armando Brignoio	1989	1
Antonio Valente	1989	1
Aldo Buti	1989	1
John De Cuir	1984	9
Pier Luigi Basile	1984	5
Gordon Craig	1984	4
Gianfranco Padovani	1984	4
Dante Ferretti	1984	4
Luciano Damiani	1984	3
Gaetano Castelli	1984	3
Fernando Toma	1984	3
Cesarlni Da Senigallia	1984	3
Cesarini Da Senigallia	1984	3
Paolo Bernardi	1984	2
Nicola Benois	1984	2
Maurizio Baiò	1984	2
Mario Romano	1984	2
Luciano Rlcceri	1984	2
Josef Svoboda	1984	2
Giancarlo Quaglia	1984	2
Ezio Frigerio	1984	2
Enrico Job	1984	2
Edgar Ulmer	1984	2
Carlo Leva	1984	2
Alexandre Trauner	1984	2
» Dimitri Grignani	1984	1
William Uudley	1984	1
Vittorio Rossi	1984	1
Ugo Oregoretti	1984	1
Tania Bari	1984	1
Stuart Craig	1984	1
Stcfanos Lazaridis	1984	1
Sergio d' Osino	1984	1
Rita Corradlni	1984	1
Richard PeduHl	1984	1
René Allio	1984	1
Pierre Ponnellc	1984	1
Pier Luigi Pizzi	1984	1
Phll Kohler	1984	1
Patrlce Chéreau	1984	1
Pasquale Grossi	1984	1
Paolo Tommasi	1984	1
Paolo Fresu	1984	1
Paolo Bregnl	1984	1
Olanmaurlzio Fercionl	1984	1
Olancarlo Nanni	1984	1
Ninni Miglietta	1984	1
Nicola Benols	1984	1
N. Benols	1984	1
N. Benole	1984	1
N. Benois	1984	1
Maurizio Garrone	1984	1
Marcel Carnè	1984	1
Lete Luzzatl	1984	1
Lelc Luzzatl	1984	1
Lclc Luzzatl	1984	1
John Napler	1984	1
JeanPaul Chambas	1984	1
Italiano Oreste Allegri	1984	1
Hilton McConnlco	1984	1
Hayden Orlffin	1984	1
Glanmaurizio Perdoni	1984	1
Gino Pellegrini	1984	1
Giantito Burchiellaro	1984	1
Gianni Sbarra	1984	1
Gianni Quaranta	1984	1
Gianni Polldorl	1984	1
Gianni Polidorl	1984	1
Gianni Polidori	1984	1
Gianfrancesco Ramacci	1984	1
Germinai Casado	1984	1
Gaetano Castelli-	1984	1
Fiorenzo Giorgi	1984	1
Ferdinando Scarflotti	1984	1
Ezio Frlgerlo	1984	1
Eugenio Quglielmlnettl	1984	1
Eugenio Ougllelminetti	1984	1
Eugenio Ouglielmlnettl	1984	1
Eugenio Gugltelmlnettl	1984	1
Eugenio Guglielmtnetti	1984	1
Eugenio Guglielmlnetti	1984	1
Eugenio GugUelminetti	1984	1
Enzo Bulgarelll	1984	1
Emanuele Luzzati «	1984	1
Elsa Piperno	1984	1
Elltott Scott	1984	1
Elio Micfiell	1984	1
David Borovskij	1984	1
Darlo Fo	1984	1
Damiano Damiani	1984	1
Cecilia Oasdla	1984	1
Carlo Cesarlnl da Senigallia	1984	1
Capelli grigi	1984	1
Brian Morris	1984	1
Bing Crosby	1984	1
Bernard Guillaumot	1984	1
Beni Montresor	1984	1
Armando Nannuzzi	1984	1
Antonio Fiorentino	1984	1
Antonello Aglioti	1984	1
Antonello Agitoti	1984	1
Antonello A^lloti	1984	1
Alberto Savlnio	1984	1
Darlo Fo	1967	7
Dario Fo	1967	6
Mario Chiari	1967	3
Key Adams	1967	2
Ken Adam	1967	2
Tony Walton	1967	1
T. Buslngen	1967	1
Rossi Lemeni	1967	1
Maurizio Chiari	1967	1
Lorenzo Ghiglia	1967	1
Leon Bakst	1967	1
L. Mansourl	1967	1
Giulio Coltellacci	1967	1
Gianfranco i ] Padovani	1967	1
Giancarlo Qucglia	1967	1
Eugenio Li	1967	1
Emanuele Luzzati	1967	1
Danilo Donati	1967	1
Cesarini da Sinigallia	1967	1
Carlo Giuliano	1967	1
Carlo De Noja	1967	1
Carlo Cesarini	1967	1
Emanuele Luzzati	1996	15
Lele Luzzati	1996	7
Eugenio Guglielminetti	1996	7
Bruno Buonincontri	1996	6
Luigi Perego	1996	4
Eugenio Gughelminetti	1996	4
Pier Luigi Pizzi	1996	3
Lorenzo Ghiglia	1996	3
Tonino Conte	1996	2
Silvano Cova	1996	2
Paolo Calafiore	1996	2
Massimo Spano	1996	2
Luca Antonucci	1996	2
Gaetano Castelli	1996	2
Felice Notarianni	1996	2
Armando Nobili	1996	2
Viktor Mullestaedt	1996	1
Roberto Francia	1996	1
Roberto Comotti	1996	1
Riccardo Guarnieri	1996	1
Pietro Micca	1996	1
Pierluigi Bottazzi	1996	1
Paolo Tommasi	1996	1
Paolo Biagetti	1996	1
Nicola Benois	1996	1
Maurizio Baiò	1996	1
Maurizio Agostinetto	1996	1
Matteo Marchelli	1996	1
Mariano Fortuny	1996	1
Marco Dentice	1996	1
Luigi Longeri	1996	1
Luigi Gelil	1996	1
Luciano Ricceri	1996	1
Luciano Baldessari	1996	1
Leon Bakst	1996	1
Jurij Ljubimov	1996	1
Guido Fiorato	1996	1
Graziano Gregori	1996	1
Giuseppe Pirrotta	1996	1
Giorgio Pes	1996	1
Giorgio Borgogno	1996	1
Giancarlo Bosino	1996	1
Gian Piero Brunetta	1996	1
Franco Garofalo	1996	1
Enzo Venezia	1996	1
Enrico Tovaglieri	1996	1
Enrico Ghezzi	1996	1
Enrico Baj	1996	1
Emiliano Paolini	1996	1
Edmo Fenoglio	1996	1
Dudi D' Agostini	1996	1
Dante Ferretti	1996	1
Carlo Levi	1996	1
Carlo Leva di Bergamasco	1996	1
Carlo Leva	1996	1
Carlo Cesarini da Senigallia	1996	1
Beppe Mangano	1996	1
Augusto Ferri	1996	1
Alessandro Chiti	1996	1
Aldo De Lorenzo	1996	1
Achim Freyer	1996	1
Carlo Leva	2002	33
Eugenio Guglielminetti	2002	19
Felice Notarianni	2002	12
Ottavio Coffano	2002	8
Euge- nio Guglielminetti	2002	7
Agostinetto Maurizio	2002	7
Gaetano Castelli	2002	6
Santi Centineo	2002	4
Paul Gallis	2002	2
Francesco Passone	2002	2
Emanuele Luzzati	2002	2
Carmelo Bene	2002	2
Antonio Joli	2002	2
Victor Togliani	2002	1
Tony Burrough	2002	1
Tod Hackett	2002	1
Tiziano Santi	2002	1
Stefanos Lazaridis	2002	1
Stefano Falco	2002	1
Sergio Leone	2002	1
Santi Centìneo	2002	1
Pierluigi Pizzi	2002	1
Paolo Tommasi	2002	1
Paolo Polb	2002	1
Michael Levine	2002	1
Maurizio Melgara	2002	1
Maurizio Agostinetto	2002	1
Mario Catalano	2002	1
Jonathan Miller	2002	1
Ian Falconer	2002	1
Guido Fiorato	2002	1
Graziano Gregori	2002	1
Gianni Silvestri	2002	1
Francesco Calcagnini	2002	1
Fernando De Filippi	2002	1
Ezio Toffolutti	2002	1
Ezio Frigerio	2002	1
Eugenio Guglielminetti »	2002	1
Eugenie Guglielminetti	2002	1
Eugenia Guglielminetti	2002	1
Enrico Job	2002	1
Enrico Colombotto Rosso	2002	1
Elisabetta Courir	2002	1
Dennis Gassner	2002	1
Dante Ferretti »	2002	1
Dante Ferretti	2002	1
Carlo Rambaldi	2002	1
Carlo Leva Scenografo	2002	1
Benedetta Braghetti Peretti	2002	1
Alessandro Carletto	2002	1
Aldo Buti	2002	1
Albino Galvano	2002	1
Cesarini da Senigaglia	1974	3
Antonello Falqui	1974	3
Pier Luigi Pizzi	1974	2
Gianfranco Padovani	1974	2
Gaetano Castelli	1974	2
Vittorio Rossi	1974	1
Sandro la Feria	1974	1
Rena Georgiadoli	1974	1
Maurizio Pajola	1974	1
Mario Ambrosino	1974	1
Luigi Veronesi	1974	1
Luigi VII	1974	1
Luigi Samaritani	1974	1
John Karlsen	1974	1
John Box	1974	1
Jack Frankfurter	1974	1
Giorgio Panni	1974	1
Giacomo Calò Carducci	1974	1
Ezio ToffoluttL	1974	1
Enrico d' Assia	1974	1
David Fielding	1974	1
Cesarini da Senigallia	1974	1
Alessandro Sanquirico	1974	1
Adam Pollock	1974	1
Lele Luzzati	1988	7
Gianni Quaranta	1988	6
Gaetano Castelli	1988	4
Eugenio Guglielminetti	1988	4
Tonino Conte	1988	3
Pier Luigi Pizzi	1988	3
Mario Garbuglia	1988	3
Josef Svoboda	1988	3
Hayden Griffin	1988	3
Enrico d' Assia	1988	3
Sergio Giacon	1988	2
Nikolaus Lehnhoff	1988	2
Hans Schavernoch	1988	2
Gordon Craig	1988	2
Enrico Job	1988	2
Carlo Francesco Conti	1988	2
Attila Kovacs	1988	2
Antonio Capuano	1988	2
﻿David Hockney	1988	1
Virgilio Marchi	1988	1
Vera Marzot	1988	1
Tonino Conti	1988	1
Ted Ha »	1988	1
Sergio Tramonti	1988	1
Roberto Piate	1988	1
Richard Sawyer	1988	1
Renato Lori	1988	1
Raoul FaroMl	1988	1
Ralph Rollai	1988	1
Raffaella De Vita	1988	1
Pietro Carrigllo	1988	1
Piero Tosi	1988	1
Piero Bosso	1988	1
Pierluigi Cerri	1988	1
Pasquale Orassi	1988	1
Pasquale Crossi	1988	1
Paolo Polli	1988	1
Paolo Breghi	1988	1
Nicola Benois	1988	1
Nico Baggio	1988	1
Mikhaet Bogdanov	1988	1
Michael Kokoyannis	1988	1
Mauro Paiano	1988	1
Mauro Pagano	1988	1
Mauro Pa	1988	1
Maurizio Baiò	1988	1
Marcello Mancini	1988	1
Lucio Fanti	1988	1
Luciano Ricceri	1988	1
Luchino Visconti	1988	1
Lorenzo Baraldi	1988	1
Loie Luzzati	1988	1
Lete Luzzati	1988	1
Lele Luzzatl	1988	1
Leie Luzzati	1988	1
Jacques Saulnier	1988	1
Igor Popov	1988	1
Herbie Hancock	1988	1
Hayden Oriffin	1988	1
Hayden Griffe	1988	1
Giulia Mafai	1988	1
Giovanni Cartuccio	1988	1
Giovanni Agostinucci	1988	1
Gino Maratta	1988	1
Gianfranco Manfredi	1988	1
Gian Maurizio Fercioni	1988	1
George Jenkins	1988	1
Fiorenzo Giorgi	1988	1
Fernand Léger	1988	1
Ezio Toffolutti	1988	1
Ezio Frigerio	1988	1
Enrico Tavaglieri	1988	1
Enrico Fiorentini	1988	1
Emanuele Luzzati	1988	1
Dante Ferretti	1988	1
Carlo Giuliano	1988	1
Carlo Fontana	1988	1
Antonello Agitoti	1988	1
Andrew Storer	1988	1
Anatoli Vassiliev	1988	1
Alexandre Trauner	1988	1
Luciano Damiani	1963	3
Piero Gherardi	1963	2
Sergio Palmieri	1963	1
Pino Casarini	1963	1
Pietro Travaglia	1963	1
Pietro Gonzaga	1963	1
Piero Zuffi	1963	1
Piero Guelfi	1963	1
Maurizio Mamml	1963	1
Mario Chiari	1963	1
Loris Musso	1963	1
Herbert Graf	1963	1
Gordon Craig	1963	1
Gianfranco Padovani	1963	1
Filippo Corradi Cervi	1963	1
Ezio Frigerio	1963	1
Enrico Keneclin	1963	1
Emilio Barone	1963	1
Emanuele Luzzntl	1963	1
Emanuele Luzzatti	1963	1
Corradi Cervi	1963	1
Charles Spaak	1963	1
Cesarini da Senigallia	1963	1
Bruno Montonati	1963	1
Lele Luzzati	1994	12
Raffaele Jachetti	1994	3
Gaetano Castelli	1994	3
Eugenio Guglielminetti	1994	3
Emanuele Luzzati	1994	3
Carlo Orlandi	1994	3
Victor Kempster	1994	2
Raul Giménez	1994	2
Ottavio Coffano	1994	2
Nicola Rubertelli	1994	2
Michele Amoruso	1994	2
Maurizio Millenotti	1994	2
Juliette Bino-	1994	2
Firouz Caldo	1994	2
Ezio Frigerio	1994	2
Enrico Job	1994	2
Dante Ferretti	1994	2
Christian Fenouillat	1994	2
Zlato Bourek	1994	1
Wagner alla Scala	1994	1
Vìktor M' ullerstaedt Continua	1994	1
Vìktor M' ullerstaedt Arte	1994	1
Vladimir Lazarev	1994	1
Tato Russo	1994	1
Silvio Giovaninetti	1994	1
Sergio d' Osmo	1994	1
Sergio Leone ALESSANDRIA	1994	1
Scaramuzzino dell' Archivolto di Genova	1994	1
Samaritani NOVARA	1994	1
Rinaldo Geleng	1994	1
Pier Luigi Samaritani	1994	1
Paolo Landi	1994	1
Oscar Ken Adam	1994	1
Nlgel Lowry	1994	1
Marco Silombria	1994	1
Luciano Ricceri	1994	1
Luciano Nattino	1994	1
Lele T uzzati	1994	1
Kcn Adam	1994	1
Jonathan Napolitano	1994	1
Jean - Marc Stehlè	1994	1
Guglielminetti Serigrafie	1994	1
Guglielminetti Da Narciso	1994	1
Giantito Burchiellaro	1994	1
Gianni Quaranta	1994	1
Francesca Bossola	1994	1
Fininvest Felice Notarianni	1994	1
Ferdinando Scarfìotti	1994	1
Eugene Lee	1994	1
Enrico Fiorentini	1994	1
Ena Naranjo	1994	1
Eleonora Barazia	1994	1
Dionissi Fatopoulos	1994	1
Claudio Parmiggiani	1994	1
Carlo Leva	1994	1
Bollar Maqueira	1994	1
Bertolucci Lavorò	1994	1
Bertolucci Ferdinando Scarfìotti	1994	1
Bertolt Brecht	1994	1
Bernardino Galliari	1994	1
Beppe Torasso	1994	1
Andrea Stanisci	1994	1
Alessandro Osemont	1994	1
Aldo Buti	1994	1
Alain Negre	1994	1
Gianni Sbarra	1979	5
Enrico Job	1979	4
Pier Luigi Pizzi	1979	3
Pasquale Grossi	1979	3
Mario Zonta	1979	3
Mario Garbuglia	1979	3
Luciano Damiani	1979	3
Ken Adam	1979	3
Roberto Laganà	1979	2
Gian Mesturino	1979	2
Eugenio Guglielminetti	1979	2
Wilfried Lothar Erle	1979	1
Werner Schunke	1979	1
Vladimir Aleksandrovich Talalaj	1979	1
Vincenzo Labella	1979	1
Tono Zancanaro	1979	1
Sol Ewìtt	1979	1
Saro Lo Turco	1979	1
Sandro Lorenzini	1979	1
Salvatore Samperi	1979	1
Roberto Francia	1979	1
Nicola Benois	1979	1
Maria Antonietta Gamparo	1979	1
Luca Fontana	1979	1
Lorenzo Ghiglia	1979	1
Lete Luzeati	1979	1
Lele Luzzati	1979	1
Josef Svoboda	1979	1
Italo Della Gatta	1979	1
Henning von Gierke	1979	1
Giuseppe Laganà	1979	1
Giorgio Panni	1979	1
Gianni Quaranta	1979	1
Giancarlo Bignardi	1979	1
Giacinto Burchiellaro	1979	1
Franco Enriquez	1979	1
Fabio Doplichèr	1979	1
Ezio Vincenti	1979	1
Eugenio Guglielmotti	1979	1
Enrico Sabatini	1979	1
Emanuele Luzzatl	1979	1
Emanuele Luzzati	1979	1
Del Re	1979	1
De Lullo	1979	1
David Borvski	1979	1
Corni Ponzoni	1979	1
Cesare Pavoni	1979	1
Carlo Tommasi	1979	1
Bèni Montrèsor	1979	1
Bruno Garofalo	1979	1
Andrzej Majewski	1979	1
Alfio Contini	1979	1
Silvano Spadaccino	1971	5
Virginio Puecher	1971	1
Sllvs.no Spadaccino	1971	1
Silvano Innocenti Spadaccino	1971	1
Piero Tosi	1971	1
Peter Stiefel	1971	1
Nicola Benois	1971	1
Mario Ceroli	1971	1
Madre Coraggio	1971	1
Joseph Svoboda	1971	1
Josef Svoboda	1971	1
Franca MalUucci	1971	1
Flavis Mogherini	1971	1
Filippo Crivelli	1971	1
Ferruccio Villagrossi	1971	1
Eugène Lourie	1971	1
Eugenio Guglielminetti	1971	1
Eugenio Gugiielminetti	1971	1
Enzo Sciavolino	1971	1
Emanuele Luzzati	1971	1
Domenico Purificato	1971	1
Cesaróni da Senigalia	1971	1
Cesarlni da Senigallia	1971	1
Cesarini da Senigallia	1971	1
Cecilia Nema	1971	1
Carlo Tommasi	1971	1
Bruno Garofalo	1971	1
Antonello Mattati Diaz	1971	1
Ampelio Gianni Squarcina	1971	1
Roger Furse	1948	1
Lele Luzzati	2000	9
Carlo Leva	2000	9
Roger Blin	2000	7
Car � lo Leva	2000	7
Eugenio Guglielminetti	2000	4
Emanuele Luzzati	2000	4
Dante Ferretti	2000	4
Sergio Leone	2000	2
Paolo Montarselo	2000	2
Lele Luzzali	2000	2
Lauro Crisman	2000	2
José Carlos Plaza	2000	2
Guido Fiorato	2000	2
Enrico Job	2000	2
Armando Nobili	2000	2
Alessandro Chili	2000	2
Tonino Conte	2000	1
Stefan Mayer	2000	1
Roberto Plate	2000	1
Polidori Mostre	2000	1
Pier Luigi Pizzi	2000	1
Peter Stein	2000	1
Michael Corenblith	2000	1
Maurizio Marchitelli	2000	1
Mario Garbuglia	2000	1
Marco Dentici	2000	1
Loie Luzzati	2000	1
Loie Luzzali	2000	1
Lauro Crisrnan	2000	1
Hugo De Ana	2000	1
Guido Fioralo	2000	1
Guglielminetti Sopra	2000	1
Giancarlo basili	2000	1
Eugenio Guglielniinelli	2000	1
Eugenio Guglielmineiti	2000	1
Eugenio Guglielmineit	2000	1
Eric Bréaud	2000	1
Emanuele Luzzàti	2000	1
Carlo Senesi	2000	1
Cannolo Giannello	2000	1
Cannolo Giammello	2000	1
Bruno Cesari	2000	1
Bill Brzeski	2000	1
Antonello Gelleng	2000	1
Andrea Viotti	2000	1
Giorgio Veccia	1958	1
Georges Walchévitch	1958	1
Eugenio Gugllelminettl	1958	1
Bernard Buffet	1958	1
Dante Ferretti	1987	16
Arnaldo Pomodoro	1987	9
Tito Varisco	1987	6
Luciano Ricceri	1987	6
Luciano Damiani	1987	6
Attila Kovacs	1987	6
Emanuele Luzzati	1987	5
Paolo Tornasi	1987	4
Lele Luzzati	1987	4
Jacques Cabel	1987	4
Eugenio Guglielminetti	1987	4
Uberto Bertacca	1987	3
Maurizio Baiò	1987	3
Mario Chiari	1987	3
Ezio Frigerio	1987	3
Beppe Bertero	1987	3
Alberto Fassini	1987	3
Yannis Kokkos	1987	2
Valeri Levental	1987	2
Serafino Geninetti	1987	2
Piero Bevacqua	1987	2
Nicola Benois	1987	2
Maurizio Agostinetto	1987	2
Mario Bernini	1987	2
Lele Luzzatl	1987	2
Isamu Noguchi	1987	2
Giuseppe Mangano	1987	2
Gisbert Jakel	1987	2
Gino Maratta	1987	2
Franco Cuppini	1987	2
Eugenio Gugllelminetti	1987	2
Enzo Gelone	1987	2
Enzo Celone	1987	2
Enrico Job	1987	2
Ennio Guamleri	1987	2
Cesarmi da Se¬	1987	2
Alexandre Trauner	1987	2
Aldo De Lorenzo	1987	2
Aldo Buti	1987	2
Zoltan Pesko	1987	1
Xenia Hausner	1987	1
Virginie Thevenet	1987	1
Vele Luzzati	1987	1
Ulderico Mànani	1987	1
Ulderico Mariani	1987	1
Ugo DUSE	1987	1
Ugo Cregoretti	1987	1
Tullio Zitkwosky	1987	1
Tullio Zitkowsky	1987	1
Tonino Delli Colli	1987	1
Tobia Ercolino	1987	1
Tito Varlsco	1987	1
Sylvano Bussotti	1987	1
Sylvano BUSSOTTI	1987	1
Sergio d' Osmo	1987	1
S. Warm	1987	1
Roberto Francia	1987	1
Qtantito Burchiellaro	1987	1
Pietro Zuffi	1987	1
Piero Zuffl	1987	1
Piero Zuffi	1987	1
Pierluigi Samaritani	1987	1
Pier Luigi Pizzi	1987	1
Pier Lui gi Pizzi	1987	1
Paul Dufficey	1987	1
Pasquale Barbano	1987	1
Paolo Bregni	1987	1
Nikita Mikhalkov	1987	1
Nicholas Oeorgiadis	1987	1
Nana Cecchl	1987	1
Michael Hampe	1987	1
Mauro Pagano	1987	1
Mario Ricci	1987	1
Mano Catalano	1987	1
Luigi Pizzi	1987	1
Luciano Riccerì	1987	1
Luciano Riccen	1987	1
Luciano Damla	1987	1
Luchino Visconti	1987	1
Luca Volpatti	1987	1
Luca Villani	1987	1
Lete Luzzati	1987	1
Lele Lu zzati	1987	1
Lauro Crisma	1987	1
Laurence Pautl	1987	1
Ken Adam	1987	1
Jean d' Eaubonne	1987	1
Isamu Noguohi	1987	1
Isamu Nognchi	1987	1
Inchiesta »	1987	1
Hennlng von Glerke	1987	1
Hayden Grlffin	1987	1
Hayden Griffin	1987	1
Gìsbert Jakel	1987	1
Gunther Schnelder Siemssen	1987	1
Gunther Schnelder	1987	1
Graziano Gregori	1987	1
Giovanni Agostinucci	1987	1
Giantito Burchiellaro	1987	1
Gianni Quaranta	1987	1
Gianfranco De Bosio	1987	1
Gaetano Castelli	1987	1
Franco FABBRI Saggista	1987	1
Feter Donner	1987	1
Fernando De Filippi 34	1987	1
Fernando De Filippi	1987	1
Fabio Palami	1987	1
Eugenio Quglielmlnetti	1987	1
Eugenio Ougllelmlnetti	1987	1
Eugenio Ouglielmlnetti	1987	1
Eugenio Gugllelmlnetti	1987	1
Eugenio Gugllelminettl	1987	1
Eugenio Guglielmlnetti	1987	1
Eugenio Guglielminettl	1987	1
Eugenio GugUelminettl	1987	1
Enzo Baraldi	1987	1
Enzo Barai	1987	1
Egisto Marcucci	1987	1
Claudio Cine Ili	1987	1
Carmelo Giammello	1987	1
Carlo Moritesi	1987	1
Carlo Montesi	1987	1
Carlo Leva	1987	1
Carlo Diappi	1987	1
Bruno CANINO	1987	1
Beppe Beriero	1987	1
Austen Spriggs	1987	1
Antonio Mastromattei	1987	1
Antonello Agitoti	1987	1
Alexander Adabascian	1987	1
Aldo Butl	1987	1
Cesarmi da Senigallia	1961	2
Venicro Colasanti	1961	1
Theophane Matecukie	1961	1
San Carlo	1961	1
P. A. Lundgren	1961	1
Ludovico Muratori	1961	1
Lucio Lucentini	1961	1
Lucio Lucenti	1961	1
Filippo Cervi	1961	1
Eugenio Guglièlminettl	1961	1
Eugenio Guglielminetti	1961	1
Cesarini da Sinigallia	1961	1
Bruno Salerno	1961	1
Cesarini da Senigallia	1969	3
Emanuele Luzzati	1969	2
André Acquart	1969	2
d. g. Mostra	1969	1
Rojetto Nino Rojetto	1969	1
Pino Valenti	1969	1
Paolo Bregnt	1969	1
Nonni »	1969	1
Nicola Benois	1969	1
Macario TRENTO	1969	1
Lennart Moerk	1969	1
Lele Luzzatì	1969	1
Lars Mòerk	1969	1
Horst Sagert	1969	1
Giuliano Scabia	1969	1
Giorgio Aragno	1969	1
Gianni Villa	1969	1
Enrico D' Assia	1969	1
Emo Sciavolino	1969	1
Claude Makovski	1969	1
Becher Venezia	1969	1
B. Eveln	1969	1
Attilio Colonnello	1969	1
Alberto Macario	1969	1
Hayo Miyazaki	2003	4
Italo Grassi	2003	3
Maurizio Baiò	2003	2
Guido Fiorato	2003	2
Eugenio Guglielminetti	2003	2
Enrico Serafini	2003	2
Dante Ferretti	2003	2
Carmelo Giannello	2003	2
Alfredo Levo	2003	2
William Orlandi	2003	1
Tullio Pericoli	2003	1
Terry Gilliam	2003	1
Tadeusz Kantor	2003	1
Roberto De Angelis	2003	1
Renato Lori	2003	1
Quirino Conti	2003	1
Pippo Delbono	2003	1
Martino Pallioni	2003	1
Luigi Perego	2003	1
Lele Luzzati	2003	1
Josef Svoboda	2003	1
Jorge Ballina	2003	1
Igor Neznyj	2003	1
Gaetano Castelli	2003	1
Frangois Schuiten	2003	1
Fabrizio Serralunga	2003	1
Ezio Frigerio	2003	1
Davide Negro	2003	1
David Borovskij	2003	1
David Borovksy	2003	1
Cristina Natta Soleri	2003	1
Carmelo Giammello	2003	1
Carlo Leva	2003	1
Carlo Diappi	2003	1
Boris Stetka	2003	1
Alessandro Bergonzoni	2003	1
Gian Mesturino	1980	4
Eugenio Guglielminetti	1980	4
Enrico Job	1980	3
Beni Montresor	1980	3
Sergio D' Osmo	1980	2
Luciano Ricceri	1980	2
Luciano Damiani	1980	2
Luca Ronconi	1980	2
Giulio Coltellacci	1980	2
Giulio Chazajettes	1980	2
Franco Visconti	1980	2
Amedeo Fago	1980	2
Vittorio Rossi	1980	1
Tony Pratt	1980	1
Robert Edmond Jones	1980	1
Riccardo Muti	1980	1
Riccardo Manaò	1980	1
Raoul Farolfi	1980	1
Pierluigi Pizzi	1980	1
Paolo Torninosi	1980	1
Nicholas Georgiadis	1980	1
Michele Canzoneri	1980	1
Lele Lussati	1980	1
Karl Lagerfeld	1980	1
JeanPaul Thambas	1980	1
Guido Josia	1980	1
Guenther ScheiderSiemssen	1980	1
Giuseppe Palmieri	1980	1
Franco Prampolini	1980	1
Francesco Chianese	1980	1
Filippo Vallone	1980	1
Emanuele Luzzati	1980	1
Donald Cammei	1980	1
Dante Ferretti	1980	1
Carlo Fioroni	1980	1
Bruno Fantozzi	1980	1
Bernardino Galliari	1980	1
Beppe De Tornasi	1980	1
Aurelio Grugnóla	1980	1
Arturo Annecchino	1980	1
Ardengo Soffici	1980	1
Antonello Agitoti	1980	1
Alberto Fassini	1980	1
Emanuele Luzzati	1997	9
Santoro »	1997	6
Lele Luzzati	1997	6
Tim Harvey	1997	5
Richard Sylbert	1997	3
Lucio Fanti	1997	3
David Vinotti	1997	3
Robert Israel	1997	2
Pier Luigi Pizzi	1997	2
Luigi Vacca	1997	2
Luigi Gelil	1997	2
Gianni Polidori	1997	2
Eugenio Guglielminetti	1997	2
Carlo Sala	1997	2
Angelo Lodi	1997	2
Stefanos Lazaridis	1997	1
Stefano Pezzini Sopra	1997	1
Stefan Mayer	1997	1
Roberto Francia	1997	1
René Auberjonois	1997	1
Renzo Mongiardino	1997	1
Peter Larkin	1997	1
Paolo Zema	1997	1
Paolo Marcolongo	1997	1
Ottavio Coffano	1997	1
Osvaldo Guerrieri Eugenio Guglielminetti	1997	1
Nima Pourbouev	1997	1
Nikos Petropoulos	1997	1
Michele Canzio	1997	1
Mauro Gioia SETTEMBRE	1997	1
Mauro Gioia Napoli	1997	1
Martin Scorsese	1997	1
Mario Torre	1997	1
Marianna Ucrìa	1997	1
Marco Dentici	1997	1
Luigi Perego	1997	1
Luca De Filippo	1997	1
Lorenzo Ghiglia	1997	1
Jack De Govia	1997	1
J Lo	1997	1
Guido Fiorato	1997	1
Graham Vick	1997	1
Giuliana Marches	1997	1
Giacomo Rigalza	1997	1
Giacomo Andrico	1997	1
Francesco Ghisu	1997	1
Eugenio Gughelminetti	1997	1
Dante Ferretti	1997	1
Danilo Donati	1997	1
Carmelo Giammello	1997	1
Carlo Leva di Bergamasco	1997	1
Carlo Leva	1997	1
Carlo De Marino	1997	1
Bruno Garofalo	1997	1
Antonio Niccolini	1997	1
Antonello Aglioti	1997	1
Annarosa Garofalo	1997	1
Angelo Libertini	1997	1
André Engel	1997	1
Andrea Stanisci	1997	1
Alexander Benois	1997	1
Alessandro Marchetti	1997	1
Acquidanza »	1997	1
Umberto Turco	1972	2
Pier Luigi Samaritani	1972	2
Pier Luigi Pizzi	1972	2
Maurizio Monteverde	1972	2
Walter Pace	1972	1
Rudolf Heinrich	1972	1
Renzo Mongiardino	1972	1
Pier Alli	1972	1
Nicholas Georgia	1972	1
Mario Chiari	1972	1
Luigi Squarzina	1972	1
Lucio Lucentini	1972	1
Joseph Svoboda	1972	1
Josef Svoboda	1972	1
Josef Onckels	1972	1
J Wilfried Minks	1972	1
Heinrich Wendel	1972	1
Guido Crepax	1972	1
Gianni di Venanzo	1972	1
Gianni Polidori	1972	1
Gianfranco Padovani	1972	1
Gian Francesco Ramaccl	1972	1
Gian Francesco Ramacci	1972	1
Gabriella Bartolomei	1972	1
Franz Havernami	1972	1
Franco Costa	1972	1
Erich Walter coreografo	1972	1
Emanuele Luzzati	1972	1
Cesarini da Senigallia	1972	1
Achim Proyer	1972	1
Achiin Meyer.per	1972	1
Emanuele Luzzati	1999	12
Eugenio Guglielminetti	1999	11
Carlo Leva	1999	11
Pier Luigi Pizzi	1999	4
Dante Ferretti	1999	4
Roberto Piate	1999	3
Ottavio Coffano	1999	3
Lele Luzzati	1999	3
Gaetano Castelli	1999	3
Davide Bassan	1999	3
Sandra Bemporad	1999	2
Marta Abba	1999	2
Loie Luzzati	1999	2
Felice Notarianni	1999	2
Ezio Frigerio	1999	2
Enrico Musenich	1999	2
a. b. ] II	1999	1
Viktor Mullerstaedt	1999	1
Valerio Adani	1999	1
Sandro Cappelletto COMPOSITORE	1999	1
Robin Bush	1999	1
Roberto Francia	1999	1
Piero Guicciardini	1999	1
Pierluigi Pizzi	1999	1
Pier Paolo Bisleri	1999	1
Otta¬ vio Coffano	1999	1
Norberto Botto	1999	1
Michel Fuzellier	1999	1
Michael Scott	1999	1
Mauro Garosi	1999	1
Marco Capuana	1999	1
Marco Capita	1999	1
Lucio Diana	1999	1
Lorenzo Ciccarelli	1999	1
Lorenzo Chiglia	1999	1
Liliana Cavani	1999	1
Ken Adam	1999	1
Hristofenia Cazacu	1999	1
Guido Fiorato	1999	1
Giovanni Carluccio	1999	1
Giancarlo Basili	1999	1
Gae Aulenti	1999	1
Gabriele Amadori	1999	1
Gabbris Ferrari	1999	1
Francesco Scrimaglio	1999	1
Filippo D' Aglié	1999	1
Eugenio Zanetti	1999	1
Eugenio Gugliminettì	1999	1
Eugenio Gugliminetti	1999	1
Eugenio Gugl	1999	1
Eugenio Gugiielminetti	1999	1
Eugenio Cu glielminetti	1999	1
Erich Wonder	1999	1
Enrico Prampolini	1999	1
Dudi D' Agostini	1999	1
Dean Tavoularis	1999	1
David Horovskij	1999	1
Carmelo Gianimello	1999	1
Carmelo Giammollo	1999	1
Carmelo Giammello	1999	1
Carlo Sala	1999	1
Carlo Leva «	1999	1
Bruno Lanzi	1999	1
Augusto Ferri	1999	1
Antonio Albanese	1999	1
Anna Caterina Antonacci	1999	1
Angelo Mistrangelo	1999	1
André Benaim	1999	1
Alexander Benois	1999	1
Alain Pozzuoli	1999	1
Emanuele Luzzati	1995	35
Lele Luzzati	1995	10
Ottavio Coffano	1995	6
Marco Dentici	1995	6
Liviano Dal Pozzo	1995	5
Eugenio Guglielminetti	1995	5
Sanremo Gaetano Castelli	1995	3
Pierluigi Pizzi	1995	3
Paul Brown	1995	3
Paolo Lingua	1995	3
Nigel Lowery	1995	3
Massimo Spano	1995	3
Luigi Perego	1995	3
Dante Ferretti	1995	3
Tim Goodchild	1995	2
Rudy Sabounghi	1995	2
Loris Saladino	1995	2
Guido Quaranta	1995	2
Giuseppe Crisolini Malatesta	1995	2
Giulio Coltellacci	1995	2
Carlo Leva	1995	2
Yannis Kokkos	1995	1
Tino Cosentino	1995	1
Stella Saglimbeni	1995	1
Sergio D' Osmo	1995	1
Salvatore Sgrò	1995	1
Roberto Piate	1995	1
Rita Poggio	1995	1
Raffaele Savio	1995	1
Michele Canzio	1995	1
Michele Cansio	1995	1
Lucio Diana	1995	1
Luciano Riccieri	1995	1
Luca De Fusco	1995	1
Lele Luzzati Mostra	1995	1
Johannes Seri	1995	1
Jerome Sirlin »	1995	1
Jean Nannini	1995	1
J Lo	1995	1
Ivan Stefanutti	1995	1
Guido Fiorato	1995	1
Gianni Quaranta	1995	1
Gaetano Castelli	1995	1
Francesca Santoro	1995	1
Ezio Frigerio	1995	1
Eduardo Arroyo	1995	1
De Capitani	1995	1
Dario Fo	1995	1
Carlo Cantono	1995	1
Carla Peirolero	1995	1
Bruno Garofalo	1995	1
Beppe Fasolis	1995	1
Beni Montresor	1995	1
Armando Brignolo	1995	1
Aldo De Lorenzo	1995	1
Pier Luigi Pizzi	1962	3
Jean Saussac	1962	2
Ercole Sormani	1962	2
Emilio Barone	1962	2
Turi Ferro	1962	1
Stefano Maiandi	1962	1
Mirko Vucetich	1962	1
Maurizio Mammi	1962	1
Mario Chiov	1962	1
Jacques Noél	1962	1
Jacques Noel	1962	1
Ieri Tovaglterl	1962	1
Hutchinson Scott	1962	1
Gore Vidal	1962	1
Gisa Geert	1962	1
Gino Negri	1962	1
Gianni Polidori	1962	1
Filippo Corradi Cervi	1962	1
Bernard Daydé	1962	1
Piero Zuffl	1954	1
Lele Luzzati	1992	12
Eugenio Guglielminetti	1992	9
Emanuele Luzzati	1992	5
Aldo Terlizzi	1992	4
Ottavio Coffano	1992	3
Hayden Griffin	1992	3
Gianni Quaranta	1992	3
Dante Ferretti	1992	3
Susan Strasberg Cecov	1992	2
Sergio Tramonti	1992	2
Sebastiano Romano	1992	2
Pierluigi Samaritani	1992	2
Paul Pierre	1992	2
Pasquale Grossi	1992	2
Gianfranco Padovani	1992	2
Giacomo Rigalza	1992	2
De Bosio	1992	2
Bruno Buonincontri	1992	2
Armando Nobili	1992	2
Angelo Lodi	1992	2
Umberto Bertacca	1992	1
Teimouraz Mourvanidze	1992	1
Tato Russo	1992	1
Sergio D' Osmo	1992	1
Roni Toren	1992	1
Rinaldo Olivieri	1992	1
Piero Filippone	1992	1
Paolo Tommasi	1992	1
Paola Guabello	1992	1
Nicola Benois	1992	1
Nico Callia	1992	1
Nicky Rieti	1992	1
Michele Canzio	1992	1
Michael J. Hotopp	1992	1
Maurizio Monteverde	1992	1
Matilde Valente	1992	1
Mario Padovan	1992	1
James Leung	1992	1
Harvey Warren	1992	1
Hard Boiled	1992	1
Gùnter Schneider	1992	1
Gianni Polidori	1992	1
Gabriele Lavia	1992	1
Fulvio Lavina A	1992	1
Francesco Priori	1992	1
Franca Squarciapino	1992	1
Ezio Tino	1992	1
Eugenio Guglielminetli	1992	1
Eduardo Arroyo	1992	1
Dean Tavoularis	1992	1
Dean Tavoulans	1992	1
Dario Cecchi	1992	1
Dante Rerretti	1992	1
Carlo Rivolta	1992	1
Bosso di Vercelli	1992	1
Bernardo Buontalenti	1992	1
Attilio Colonnello	1992	1
Armano Nobili	1992	1
Angelo Sodano	1992	1
Alessandro Fersen	1992	1
Mario Chiari	1964	3
Giorgio Axel	1964	2
Gianni Polidori	1964	2
Emilio Barone	1964	2
Teo Otto	1964	1
Pietro Sherardi	1964	1
Piero Tosi Ita	1964	1
Osvaldo Ghirlnghclli	1964	1
Mlscha Scandella	1964	1
Michele Benois	1964	1
Maurizio Mammi	1964	1
Mario Porcile	1964	1
Maria De Mettete	1964	1
Karl Vin Appen	1964	1
Giorgio De Chirico	1964	1
Ghislain Uhrg	1964	1
Gabriella Tucci	1964	1
Ezio Frigerio	1964	1
Emanuele Luzzati «	1964	1
Doriano Saracino	1964	1
Dino De Laurentiis	1964	1
Boris Knodlok	1964	1
Attilio Colonnello	1964	1
Dante Ferretti	2005	11
Emanuele Luzzati	2005	3
papà Ignazio	2005	2
Mario Garbuglia	2005	2
Carlo Leva	2005	2
Victor Hartmann	2005	1
Tiziano Santi	2005	1
Sergio Tramonti	2005	1
Sergio Borgo	2005	1
RiChi Ferrerò	2005	1
Philippe Rousselot	2005	1
Marco Ferretti	2005	1
Marco Ferrari	2005	1
Lucio Del Pezzo	2005	1
Gianmaurizio Fercioni	2005	1
Gaetano Castelli	2005	1
Francesco Bronzi »	2005	1
Ferretti Alain Elkann Siamo	2005	1
Ferdinando Scarfiotti	2005	1
Fabià Puigserver	2005	1
Eugenio Guglieminetti	2005	1
Eugenio Guglielminetti	2005	1
Dante Ferretti Paolo Mastrolilli	2005	1
Daniela Ciancio	2005	1
Carlo Leva Lunedì	2005	1
Carlo Diappi	2005	1
Bruno Rubeo	2005	1
Barbora Bobulova	2005	1
Andrea Crisanti	2005	1
Alessandro Marrazzo	2005	1
Alessandro Camera	2005	1
Paolo Bregni	1983	14
Beppe Bertero	1983	8
Mario Garbuglia	1983	6
David Borovskij	1983	6
Davide Negro	1983	5
Mario Chiari	1983	4
Giulio Coltellacci	1983	4
Gianni Quaranta	1983	4
Eugenio Luzzati	1983	4
André Acquart	1983	4
Sylvano Bussotti	1983	3
Roberto Francia	1983	3
Pino Spagnulo	1983	3
Pier Luigi Pizzi	1983	3
Philip Prowse	1983	3
Paolo Bregnl	1983	3
Nana Cecchi	1983	3
Luciano Riccieri	1983	3
Luciano Ricceri	1983	3
Luciano Damiani	1983	3
Isamu Noguchi	1983	3
Gianni Villa	1983	3
Giampiero La Bionda	1983	3
Eugenio Guglielminetti	1983	3
Emanuele Luzzati	1983	3
Vittorio Rossi	1983	2
Ugo Pagliai	1983	2
Uberto Bertacca	1983	2
Roberto Comotti	1983	2
Raffaele Del Savio	1983	2
Pinchas Steinberg	1983	2
Pier' Alli	1983	2
Peter Murton	1983	2
Paolo Tommasl	1983	2
Paolo Tommasi	1983	2
Maurizio Baiò	1983	2
Massimo Franzoso	1983	2
Luigi VII	1983	2
Gianni Farinetti	1983	2
Giancarlo Quaglia	1983	2
Franco DI Giacomo	1983	2
Emmanuele Luzzati	1983	2
Dante Ferretti	1983	2
Boris Christoff	1983	2
Attilio Colonnello	1983	2
Armando NannuzzL Scenografo Amedeo Mellone	1983	2
Anthony Pratt	1983	2
Andrea Viotti	1983	2
Walter Scott	1983	1
Vera Marzot	1983	1
Valeri Leventa !	1983	1
Ugo Dell' Ara	1983	1
Stanislaw Wysplanskl	1983	1
Stancarlo Magalll	1983	1
Roberto Borghesio	1983	1
Richard Sylbert	1983	1
Riccardo Madaro	1983	1
Pietro Carrlglio	1983	1
Pasquale Grossi	1983	1
Paolo Bregnt	1983	1
Ottavio Cof	1983	1
Oianni Quaranta	1983	1
Nicola Rubertelli	1983	1
Nicholas JGeorgladis	1983	1
Michael' Scott	1983	1
Martano Mercuri	1983	1
Luigi Pirjio	1983	1
Luigi Firpo	1983	1
Luciano Rlcceri	1983	1
Luciano Riccierl	1983	1
Luciano Ricci	1983	1
Luciano Del Oreco	1983	1
Luciano Del Greco	1983	1
Luciano De !	1983	1
Luciana Novara	1983	1
Lorenzo Ghlglia	1983	1
Lorenzo Chiglia	1983	1
Lete Lussati	1983	1
Le le LuZzati	1983	1
Lcle Luzzatl	1983	1
Jurgen Rose	1983	1
Hayden Ori	1983	1
Hayden Grlffin	1983	1
Hayden Griffin	1983	1
Gtulto Coltellacci	1983	1
Giuseppe Crisolini Malatesta	1983	1
Giorgio Panni	1983	1
Gianni Quaranta scenografo	1983	1
Gianmaurizio Fercioni	1983	1
Gian Maurizio Ferclonl	1983	1
Franco Laurenti	1983	1
Fiorenzo Giorgi	1983	1
Ezio Toffoluttl	1983	1
Eugenio Qugllelininelli	1983	1
Eugenio Ougllelmlnettl	1983	1
Eugenio Gugtielminctti	1983	1
Eugenio Gugllelmlnetti	1983	1
Eugenio Guglielmlnetti	1983	1
Enzo Gagliardino	1983	1
Enrico '	1983	1
Emilio Locurcio	1983	1
Emanuele Luzzatl	1983	1
Emanuele Lucuti	1983	1
David Borowsklj	1983	1
David BorowsklJ	1983	1
David Borovsky	1983	1
David Borovski	1983	1
Curio Leva	1983	1
Crisnltiii Malatcsla	1983	1
Colombo MARIO	1983	1
Colombo CHIARI	1983	1
Claudio Cinini	1983	1
Cedric Cibbons	1983	1
Carlo Tommasi	1983	1
Carlo Tom	1983	1
Carlo Neva	1983	1
Bruno Bartoletii	1983	1
André Acquari	1983	1
Aldo Buti	1983	1
Eugenio Guglielminetti	1991	12
Lele Luzzati	1991	10
Keso Dekker	1991	6
Giorgio Franco	1991	5
Uberto Bertacca	1991	4
Emanuele Luzzati	1991	4
Umberto Bertacca	1991	3
Ottavio Coffano	1991	3
Eugenio Guglieminetti	1991	3
Enrico Job	1991	3
Teimuraz Mourvanidze	1991	2
Platano » Resta	1991	2
Eugenio GugUelminetti	1991	2
Dante Ferretti	1991	2
Danilo Donati	1991	2
fratelli Lievi	1991	1
Uno scenografo	1991	1
Uberto Bertacca Mix di garofani	1991	1
Tullio Smaniotto	1991	1
Terry Parsons	1991	1
Stcfanos Lazaridis	1991	1
Sergio Tramonti	1991	1
Sebastiano Romano	1991	1
Sandro Loquasto	1991	1
S. Giorgio Monferrato	1991	1
Rolf Glittenberg	1991	1
Roberto Laganà	1991	1
Roberto Castello	1991	1
Richard Olivier	1991	1
Piero Guicciardini	1991	1
Pierluigi Pizzi	1991	1
Patrik Fleury	1991	1
Paolo Bernardi	1991	1
Palais Garnier	1991	1
Nicola Rubertelli	1991	1
Mauro Carosl	1991	1
Maurizio Fiorentini	1991	1
Maurizio Baiò	1991	1
Mariano Ridillo	1991	1
Marco Pejrolo	1991	1
Marco Capuana	1991	1
Manuel Giliberti	1991	1
Luciano Ricceri	1991	1
Lawrence G. Paull	1991	1
Johannes Schaaf	1991	1
Igor Popov	1991	1
Gustavo Frigerio	1991	1
Gunlher SchneiderSìemssen	1991	1
Graziano Gregori I	1991	1
Giuseppe Bissini	1991	1
Girolamo Magnani	1991	1
Giorgio Cristini	1991	1
Gianni Polidóri	1991	1
Gianfranco Padovani	1991	1
Giampiero Tintori	1991	1
Gaetano Castelli	1991	1
Franco Miseria	1991	1
Francesco Priori	1991	1
Flavio Piras	1991	1
Fellini » Trasmesso	1991	1
Eugenio Gughehninetti	1991	1
Eugenio GugUeminetti	1991	1
Enrico Serafini	1991	1
Ennco Job	1991	1
Dario Di Benedetto	1991	1
Claude Mori	1991	1
Cecilia Gasdia	1991	1
Carlo Tommasi	1991	1
Carlo Simi	1991	1
Cario DI Palma	1991	1
Bruno Garofalo	1991	1
Bruno Buonincontri	1991	1
Armando Nobili	1991	1
Antonio Fiorentino	1991	1
Antoine Fontaine	1991	1
Angelo Cucchi	1991	1
Angelo Colombo	1991	1
Andrea Crisanti	1991	1
Alessandro Scarrone	1991	1
Alberto Verso	1991	1
Alberto Baldini	1991	1
Adriano Aragozzini	1991	1
Enrico Job	1982	7
Filippo Sanjust	1982	4
Ron Cobb	1982	3
Raffaella De Vita	1982	3
Paolo Tommasi	1982	3
Luchino Visconti	1982	3
Eugenio Guglielminetti	1982	3
Vittorio Rossi	1982	2
Nino Ghiazza	1982	2
Mario Garbuglia	1982	2
Lodovico Muratori	1982	2
Lele Luzzati	1982	2
Giorgio Luppi	1982	2
Gianni Polidori	1982	2
Ezio Toffolutti	1982	2
Beni Montresor	1982	2
Amedeo Mellone	1982	2
» René Longarini	1982	1
Santo Loquasto	1982	1
Piero Faggioni	1982	1
Philip llarrison	1982	1
Philip Harrison	1982	1
Peter Hall	1982	1
Paolo Panelli	1982	1
Nino Chiazza	1982	1
Nino Celeste	1982	1
Nicola Rubertelli	1982	1
Michele De Marchi	1982	1
Micha Von Hoeckte	1982	1
Micha Van Hoeckte	1982	1
Micfta Von Hoeckte	1982	1
Maurice Sendak	1982	1
Massimo Zanchi	1982	1
Massimiliano Basso	1982	1
Luciano Damiani	1982	1
Leon Bakst	1982	1
Joseph Svoboda	1982	1
Josef Svoboda	1982	1
Jorg Zimmermann	1982	1
John Bury	1982	1
Jean Pierre Ponnelle	1982	1
Jean Pierre Amiel	1982	1
Inglese Hayden Griffith	1982	1
Inglese Hayden Griffin	1982	1
Hayden Qrif	1982	1
Hayden Grlffin	1982	1
Hayden Griffin	1982	1
Guido Zamara	1982	1
Guido Iosia	1982	1
Giovanni Soldati	1982	1
Giovanni Agostinucci	1982	1
Gianni Polidorl	1982	1
Franco Parenti	1982	1
Franco Ceraolo	1982	1
Francescone Guidobaldi	1982	1
Filippo Sanfust	1982	1
Ezio Toffoluttl	1982	1
Ezio Frigerio	1982	1
Eugenio Ouglleìminelti	1982	1
Eugenio Ougilelminettl	1982	1
Eugenio Guglielnunetti	1982	1
Eugenio Guglie	1982	1
Emanuele Luezati	1982	1
Domenico Gnoli	1982	1
Derek Jarman	1982	1
David Borovskij	1982	1
Carmelo dammeno »	1982	1
Carmelo Olammello	1982	1
Carlo Tòmmasi	1982	1
Carlo Tommasi	1982	1
Antonio Calenda	1982	1
Anthony McDonald	1982	1
Alexander Beriois	1982	1
Alexander Benois	1982	1
Dante Ferretti	2004	6
Pier Luigi Pizzi	2004	2
Maurizio Baiò	2004	2
Eugenio Guglielminetti	2004	2
Carlo Leva	2004	2
Ulderico Ma¬	2004	1
Ugo Lipuma	2004	1
Uberto Bertacca	2004	1
Tiziano Santi	2004	1
Sol LeWitt	2004	1
Michele Guaschino	2004	1
Mario Garbuglia	2004	1
Lele Luzzati	2004	1
Isamu Noguchi	2004	1
Grazia Ferrerò	2004	1
Graham « Grace » Walker	2004	1
Gordon Craig	2004	1
Gmdo Fiorato	2004	1
Giovanni Agostinucci	2004	1
Giancarlo Del Monaco	2004	1
Giacomo Andrico	2004	1
Ferdinando Wögerbauer	2004	1
Ferdinand Wògerbauer	2004	1
Federico Fellini	2004	1
Fabrizio Palla	2004	1
Fabrizio Meschino	2004	1
Ezio Frigerio	2004	1
Eugenio Guglielmìnetti	2004	1
Enzo Frigerio	2004	1
Emanuele Luzzati	2004	1
Domenico Gaudio	2004	1
Davide Ferretti	2004	1
Daniele Spisa	2004	1
Charles Edwards	2004	1
Carmelo Giammello	2004	1
Carmelo GiammeUo	2004	1
Bruno Garofalo	2004	1
Bob Wilson	2004	1
Antonio Fiorentino	2004	1
Andrea Bitet	2004	1
Eugenio Guglielminetti	1975	2
Xanti Schawinsky	1975	1
Pier Luigi Pizzi	1975	1
Paolo Gazzara	1975	1
Mario Ambrosino	1975	1
Marco Gherardi	1975	1
Luigi ..	1975	1
Luciano Minguzzi	1975	1
Jun Maeda	1975	1
Holly wood	1975	1
Gianni Quaranta	1975	1
Gian Mesturino	1975	1
Gabriele Lavìa	1975	1
Franco Zeffirelli	1975	1
Franco Molfese	1975	1
Franco Cagnoli	1975	1
Enzo Cclone	1975	1
Enrico Job	1975	1
Emanuele Puzzati	1975	1
Emanuele Luzzati	1975	1
Carlo Tornasi	1975	1
Bernard Day de ?	1975	1
Bernard Arnould	1975	1
Andy Phillip	1975	1
Aldo Trionfo	1975	1
Uberto Bertacca	1990	7
Eugenio Guglielminetti	1990	4
Emanuele Luzzati	1990	3
William Orlandi	1990	2
Sylvano Bussotti	1990	2
Peter Sykora	1990	2
Peter Pabst	1990	2
Pasquale Grossi	1990	2
Paolo Tommasi	1990	2
Ottavio Coffano	1990	2
Giuseppe Crisolini Malatesta	1990	2
Francesco Lei	1990	2
Dante Ferretti	1990	2
Aurelio Crugnola	1990	2
﻿Eugenio Guglielminetti	1990	1
Walter Emanuel	1990	1
Vittorio Rossi	1990	1
Vincenzo Fiorito	1990	1
Ulisse Santicchi	1990	1
Tony Plerce Roberts	1990	1
Toffolutti Seiji Ozawa	1990	1
Tiziano Santi	1990	1
Sergio Saccomandi	1990	1
Sergio Fantoni	1990	1
Rosetta Loy	1990	1
Roberto Piate	1990	1
Richard Sylbert	1990	1
Ray Summer	1990	1
Peter Fabst	1990	1
Patrizio Roversi	1990	1
Paolo Fresu	1990	1
Nicola Rubertelli	1990	1
Mauro Carosi	1990	1
Maurizio Baiò	1990	1
Mario Garbuglia »	1990	1
Mario Cerofl	1990	1
Marinella Venegoni	1990	1
Maria Teresa Castoldi	1990	1
Marco Rosei Luigi Sergi	1990	1
Marco Dentici	1990	1
Luigi Perego	1990	1
Lucio Diana scenografo	1990	1
Luciano Damiani	1990	1
Luca Morescalchi	1990	1
Loie Luzzati	1990	1
Lele Luzzati	1990	1
Lele Luz-	1990	1
Lauro Crisman	1990	1
Koki Fregni	1990	1
John Bury	1990	1
Jean Kalman	1990	1
Icbiro Takada	1990	1
Gregori Abbinata	1990	1
Giorgio Cristini	1990	1
Gino Pellegrini	1990	1
Gianni Sbarra	1990	1
Gianni Polidon	1990	1
Gianmaurizio Fercioni	1990	1
Gianfranco Padovani	1990	1
Gianfranco Fini	1990	1
Gianfranco Costagliola	1990	1
Franco Giorgio	1990	1
Francesco Calcagnini	1990	1
Ferruccio Villagrossi	1990	1
Ezio Frigerio	1990	1
Enrico Job	1990	1
Emilio Carcano	1990	1
Emanuele Luzza.ti	1990	1
Egisto Marcucci	1990	1
Daniele Spisa «	1990	1
Daniele Spisa	1990	1
Cristiano Gregori	1990	1
Cosma Emmanuel	1990	1
Claude D' Anna	1990	1
Carlo Cesarmi da Senigaglia	1990	1
Carlo Cesarini da Senigallia	1990	1
Bruno Buonincontri	1990	1
Attilio Colonnello	1990	1
Arnaldo Pomodoro	1990	1
Antonello Aglioti	1990	1
Aldo Tocci	1990	1
Aldo De Lorenzo	1990	1
Alberto Verso	1990	1
Alberto Andreis	1990	1
Albert Bronner	1990	1
Gian Mesturino	1977	2
Eugenio Guglielminetti	1977	2
Enrico Job	1977	2
Emanuele Luzzati	1977	2
Ulisse Santicchi	1977	1
Salvatore Fiume	1977	1
Pier Luigi Pizzi	1977	1
Paolo Bregni	1977	1
Paola Gila	1977	1
Nicola Rubertelli	1977	1
Mischa Scandella	1977	1
Maurizio Fercioni	1977	1
Mario Cerroni	1977	1
Marcello Masciocchi	1977	1
Luciano Damiani	1977	1
Luca Canali	1977	1
Lorenzo Monglardlno	1977	1
Lorenzo Ghiglia	1977	1
Ken Russell	1977	1
Giulio Gianini	1977	1
Giovanni Migliara	1977	1
Giorgio Panni	1977	1
Gianfranco Padovani	1977	1
Giancarlo Governi	1977	1
Gian Mestorino	1977	1
Gian Carlo Bignardi	1977	1
Germana Pasquero	1977	1
Garbuglia scenografo	1977	1
Gae Aulenti	1977	1
Franco Enriquez	1977	1
Francesco Bronzi	1977	1
Ezio Toffolutti	1977	1
Enrico Carlesi	1977	1
Elisa Ricci Poccetto	1977	1
Dante Ferretti	1977	1
Daniele Fissore	1977	1
Dacia Maraìni	1977	1
Dacia Maraini	1977	1
Carlo Ccsarinl	1977	1
Bébé Bérard	1977	1
Aurelio Crugnola	1977	1
Antonello Aglioti	1977	1
Andrea Giordana	1977	1
Adam Pollok	1977	1
Giulio Coltellacci	1953	1
Cedrlc Gibbone	1953	1
Bonjour Paris	1953	1
Emanuele Luzzati	1998	30
Guido Fiorato	1998	9
Lele Luzzati	1998	6
Eugenio Guglielminetti	1998	5
Carlo Leva	1998	5
Eugenio Gughelminetti	1998	3
Sant' Agostino	1998	2
Ottavio Coffano	1998	2
Maurizio Agostinetto	1998	2
Guido Fiorato «	1998	2
Gabriele Amadori	1998	2
Ezio Frigerio	1998	2
Aldo Terlizzi	1998	2
Vuctor Muellerstaedt	1998	1
Tobias Hoheisel	1998	1
Sebastiano Romano	1998	1
SANTA MARGHERITA	1998	1
Roberto Piate	1998	1
Richard Sylbert	1998	1
Renzo Mongiardino	1998	1
Peter Lamont	1998	1
Peter Davison	1998	1
Michele Canzoneri	1998	1
Mauro Carosi	1998	1
Matthew Wright	1998	1
Massimo Torrelli	1998	1
Luciani Riccieri	1998	1
Ken Adam	1998	1
Julian Beck	1998	1
Ilde Ghio	1998	1
Hayden Griffin	1998	1
Guido Buganza	1998	1
Graziano I Gregori	1998	1
Giulio Tua	1998	1
Gianni Silvestri	1998	1
Giancarlo CanteruCcio	1998	1
Gian Paolo Panni	1998	1
Gaetano Castelli	1998	1
Fulvio Lanza	1998	1
Franco Leita mascheralo	1998	1
Filippo Garrone	1998	1
Enzo Gianotti	1998	1
Enrico Job	1998	1
Derek Jarman	1998	1
Dennis Gassner	1998	1
David Borovskij	1998	1
Dante Ferretti	1998	1
Cristian Taraborrelli	1998	1
Carmelo Giammello	1998	1
Carlo Sala	1998	1
Bruno Buonincontri	1998	1
Bruno Bonincontri	1998	1
Beni Montresor	1998	1
Antonio Di Bari	1998	1
Alfredo Castelli	1998	1
Alfieri S'	1998	1
Alfieri Bozzetti	1998	1
Alessandro Chiti	1998	1
Aldo De Lorenzo	1998	1
Carlo Leva	2001	15
Emanuele Luzzati	2001	11
Giorgio Gallione	2001	7
Sergio « Bobo » Staino	2001	6
Emanuele Luzzati « Alice	2001	5
Sergio Tremonti	2001	3
Ezio Frigerio	2001	3
Eugenio Guglielminetti	2001	3
Ottavio Coffano	2001	2
Lele Luzzati	2001	2
Gianni Ratto	2001	2
﻿Scompare Donati	2001	1
Werner Herzog	2001	1
Romolo Valli	2001	1
Rick Heinricks	2001	1
Rick Heinrichs	2001	1
René AUio	2001	1
Paolo Tommasi	2001	1
Oscar Stava	2001	1
Nicolas Joel	2001	1
Michele Canzio	2001	1
Massimo Guendolo	2001	1
Marco Curino	2001	1
Leva Massimo Delfino	2001	1
Lele Luzza	2001	1
Kenneth Archer	2001	1
Jan Fabre	2001	1
Henning von Gierke	2001	1
Guto Comes	2001	1
Guido Fiorato	2001	1
Giuseppe Piccioni	2001	1
Giuseppe Bissini	2001	1
Giuliano Gemma	2001	1
Giorgio Pes	2001	1
Giorgio Galhone	2001	1
Giorgio Galbone	2001	1
Gideon Davey	2001	1
Gianni Quesmiti	2001	1
Gianni Polidoro	2001	1
Gianni Matta	2001	1
Gaetano Castelli	2001	1
Francisco Leal	2001	1
Francesco Zuccarelli	2001	1
Ferdinand Wógerbauer	2001	1
Ezio Mag¬	2001	1
Emanuele Luzzati « Facciamo	2001	1
Emanuele Luzzati « AHce	2001	1
Davide Bassan	2001	1
Dante Ferretti	2001	1
Carlo Leva di Bergamasco	2001	1
Carlo Le	2001	1
Bruno Angoletta	2001	1
Bob Crowley	2001	1
Angelo Poh	2001	1
Andrea Crisan-	2001	1
Alexandre Heyraud	2001	1
Lorenzo Ghiglia	1978	4
Oliver Messel	1978	3
Gian Mesturino	1978	3
Ulisse Santicchi	1978	2
Quentin Crisp	1978	2
Mario Chiari	1978	2
Mariano Fortuny	1978	2
Gian Mesturìno	1978	2
Umberto Bertacca	1978	1
Uberto Ber	1978	1
Stefano Marciteci	1978	1
Sergio Dosmo	1978	1
Rolf Zehetbauer	1978	1
Roger Planchón	1978	1
Raffaele del Savio	1978	1
Piero Gherardi	1978	1
Paolo Poli	1978	1
Paolo Bortoluzzi	1978	1
Oliver Messel Morto	1978	1
Oliver Messel LONDRA	1978	1
Nicola RubateUi	1978	1
Michele Canzoneri	1978	1
Mario Pompei	1978	1
Mario Garbuglia	1978	1
Loremo Ghiglia	1978	1
Knzo Cerone JMT	1978	1
Giulio Coltellacci	1978	1
Giovanni Agostinuccì	1978	1
Gianmaurizio Fercioni	1978	1
Flavio Mogherini	1978	1
Enrico Job	1978	1
Enrico De Mori	1978	1
Emanuele Luzzati	1978	1
Edwige Fenech	1978	1
Dante Ferretti	1978	1
Carlo Piccinato	1978	1
Bruno Garofalo	1978	1
Brecht Ritengo	1978	1
Attilio Colonnello	1978	1
Armando Nobili	1978	1
Armando Nannuzzi	1978	1
Antonio Valente	1978	1
Angelo Cavallaro	1978	1
André Levasseur	1978	1
Alvise Zorzi	1978	1
Alessandro Cavalieri	1978	1
Alberto Savinto	1978	1
Agostino Rari	1978	1
Gian Mesturino	1973	4
Aligi Sassu	1973	4
Gianfranco Bignardi	1973	3
Pier Luigi Pizzi	1973	2
Vittorio Rossi	1973	1
Mario Persico	1973	1
Mario Chiari	1973	1
Giancarlo Bignardi	1973	1
Franco Dattilo	1973	1
Ferdinando Scariiotli	1973	1
Eugene Berman	1973	1
Emanuele Luzzati	1973	1
Emanuele Luzzali	1973	1
Danilo Donati	1973	1
Carlo Rapp	1973	1
Agostino Bonaluml	1973	1
tNicola Benois	1959	1
Storpio De Chirico	1959	1
Piero Zufft	1959	1
Piero Zuffi	1959	1
Paul Steffen	1959	1
Enrico Colosimo	1959	1
Cedric Glbbons	1959	1
Baio Vincenti	1959	1
Alberto Cavalcanti	1959	1
